agent,noise_std,seed,success,experiments,best_hypothesis,best_k,best_mse,chosen_experiments
random,0.0,0,True,3,sqrt_length_over_gravity,6.283185307179585,3.944304526105059e-31,"[10, 11, 4]"
random,0.0,1,True,1,sqrt_length_over_gravity,6.283185307179586,0.0,[6]
random,0.0,2,True,1,sqrt_length_over_gravity,6.283185307179586,0.0,[4]
random,0.0,3,True,1,sqrt_length_over_gravity,6.283185307179585,3.0814879110195774e-31,[7]
random,0.0,4,True,1,sqrt_length_over_gravity,6.283185307179585,3.0814879110195774e-31,[7]
random,0.0,5,True,2,sqrt_length_over_gravity,6.283185307179585,2.8596207814261677e-31,"[13, 8]"
random,0.0,6,True,2,sqrt_length_over_gravity,6.283185307179586,0.0,"[13, 5]"
random,0.0,7,True,2,sqrt_length_over_gravity,6.283185307179586,0.0,"[9, 6]"
random,0.0,8,True,1,sqrt_length_over_gravity,6.283185307179585,3.0814879110195774e-31,[7]
random,0.0,9,True,4,sqrt_length_over_gravity,6.283185307179585,3.4512664603419266e-31,"[11, 14, 9, 8]"
random,0.0,10,True,2,sqrt_length_over_gravity,6.283185307179585,3.1554436208840474e-31,"[13, 4]"
random,0.0,11,True,5,sqrt_length_over_gravity,6.283185307179586,0.0,"[11, 13, 12, 14, 7]"
random,0.0,12,True,2,sqrt_length_over_gravity,6.283185307179586,0.0,"[11, 8]"
random,0.0,13,True,1,sqrt_length_over_gravity,6.283185307179586,0.0,[8]
random,0.0,14,True,1,sqrt_length_over_gravity,6.283185307179586,0.0,[5]
random,0.0,15,True,1,sqrt_length_over_gravity,6.283185307179585,3.0814879110195774e-31,[7]
random,0.0,16,True,4,sqrt_length_over_gravity,6.283185307179586,0.0,"[9, 12, 13, 8]"
random,0.0,17,True,3,sqrt_length_over_gravity,6.283185307179586,0.0,"[12, 10, 8]"
random,0.0,18,True,1,sqrt_length_over_gravity,6.283185307179586,0.0,[6]
random,0.0,19,True,2,sqrt_length_over_gravity,6.283185307179585,3.1554436208840474e-31,"[14, 4]"
random,0.0,20,True,3,sqrt_length_over_gravity,6.283185307179586,0.0,"[15, 14, 6]"
random,0.0,21,True,1,sqrt_length_over_gravity,6.283185307179586,0.0,[6]
random,0.0,22,True,1,sqrt_length_over_gravity,6.283185307179586,0.0,[6]
random,0.0,23,True,1,sqrt_length_over_gravity,6.283185307179586,0.0,[8]
random,0.0,24,True,4,sqrt_length_over_gravity,6.2831853071795845,3.6625684885261264e-31,"[15, 10, 14, 6]"
random,0.0,25,True,2,sqrt_length_over_gravity,6.283185307179585,3.1554436208840474e-31,"[10, 4]"
random,0.0,26,True,2,sqrt_length_over_gravity,6.283185307179585,2.8596207814261677e-31,"[15, 7]"
random,0.0,27,True,3,sqrt_length_over_gravity,6.283185307179586,0.0,"[14, 11, 8]"
random,0.0,28,True,1,sqrt_length_over_gravity,6.283185307179586,0.0,[5]
random,0.0,29,True,2,sqrt_length_over_gravity,6.283185307179586,0.0,"[12, 5]"
random,0.0,30,True,2,sqrt_length_over_gravity,6.283185307179586,0.0,"[12, 8]"
random,0.0,31,True,1,sqrt_length_over_gravity,6.283185307179586,0.0,[4]
random,0.0,32,True,1,sqrt_length_over_gravity,6.283185307179586,0.0,[5]
random,0.0,33,True,2,sqrt_length_over_gravity,6.283185307179585,2.761013168273541e-31,"[13, 6]"
random,0.0,34,True,4,sqrt_length_over_gravity,6.283185307179586,0.0,"[12, 9, 15, 4]"
random,0.0,35,True,3,sqrt_length_over_gravity,6.283185307179586,0.0,"[12, 9, 6]"
random,0.0,36,True,2,sqrt_length_over_gravity,6.283185307179586,0.0,"[9, 4]"
random,0.0,37,True,3,sqrt_length_over_gravity,6.283185307179586,0.0,"[14, 13, 5]"
random,0.0,38,True,4,sqrt_length_over_gravity,6.283185307179585,3.6625684885261264e-31,"[14, 10, 11, 5]"
random,0.0,39,True,1,sqrt_length_over_gravity,6.283185307179585,3.0814879110195774e-31,[7]
random,0.0,40,True,4,sqrt_length_over_gravity,6.283185307179586,0.0,"[11, 14, 13, 4]"
random,0.0,41,True,3,sqrt_length_over_gravity,6.283185307179585,2.711709361697228e-31,"[10, 9, 7]"
random,0.0,42,True,2,sqrt_length_over_gravity,6.283185307179586,0.0,"[14, 5]"
random,0.0,43,True,1,sqrt_length_over_gravity,6.283185307179586,0.0,[4]
random,0.0,44,True,4,sqrt_length_over_gravity,6.283185307179585,2.817360375789328e-31,"[10, 13, 14, 5]"
random,0.0,45,True,1,sqrt_length_over_gravity,6.283185307179586,0.0,[8]
random,0.0,46,True,1,sqrt_length_over_gravity,6.283185307179586,0.0,[5]
random,0.0,47,True,2,sqrt_length_over_gravity,6.283185307179586,0.0,"[9, 5]"
random,0.0,48,True,3,sqrt_length_over_gravity,6.283185307179586,0.0,"[12, 9, 6]"
random,0.0,49,True,1,sqrt_length_over_gravity,6.283185307179586,0.0,[5]
random,0.0,50,True,2,sqrt_length_over_gravity,6.283185307179586,0.0,"[11, 8]"
random,0.0,51,True,1,sqrt_length_over_gravity,6.283185307179585,3.0814879110195774e-31,[7]
random,0.0,52,True,1,sqrt_length_over_gravity,6.283185307179586,0.0,[8]
random,0.0,53,True,2,sqrt_length_over_gravity,6.283185307179585,2.8596207814261677e-31,"[13, 7]"
random,0.0,54,True,1,sqrt_length_over_gravity,6.283185307179586,0.0,[6]
random,0.0,55,True,1,sqrt_length_over_gravity,6.283185307179586,0.0,[5]
random,0.0,56,True,2,sqrt_length_over_gravity,6.283185307179585,2.8596207814261677e-31,"[12, 4]"
random,0.0,57,True,1,sqrt_length_over_gravity,6.283185307179586,0.0,[4]
random,0.0,58,True,2,sqrt_length_over_gravity,6.283185307179585,2.8596207814261677e-31,"[13, 7]"
random,0.0,59,True,1,sqrt_length_over_gravity,6.283185307179585,3.0814879110195774e-31,[7]
random,0.0,60,True,1,sqrt_length_over_gravity,6.283185307179586,0.0,[8]
random,0.0,61,True,2,sqrt_length_over_gravity,6.283185307179586,0.0,"[11, 6]"
random,0.0,62,True,2,sqrt_length_over_gravity,6.283185307179585,2.761013168273541e-31,"[13, 6]"
random,0.0,63,True,3,sqrt_length_over_gravity,6.283185307179587,1.3969411863288751e-31,"[11, 12, 8]"
random,0.0,64,True,2,sqrt_length_over_gravity,6.283185307179586,0.0,"[11, 5]"
random,0.0,65,True,2,sqrt_length_over_gravity,6.283185307179586,0.0,"[10, 8]"
random,0.0,66,True,1,sqrt_length_over_gravity,6.283185307179586,0.0,[5]
random,0.0,67,True,1,sqrt_length_over_gravity,6.283185307179586,0.0,[5]
random,0.0,68,True,4,sqrt_length_over_gravity,6.283185307179586,0.0,"[15, 11, 13, 5]"
random,0.0,69,True,2,sqrt_length_over_gravity,6.283185307179585,3.1554436208840474e-31,"[14, 4]"
random,0.0,70,True,1,sqrt_length_over_gravity,6.283185307179586,0.0,[5]
random,0.0,71,True,4,sqrt_length_over_gravity,6.283185307179586,0.0,"[9, 13, 15, 4]"
random,0.0,72,True,1,sqrt_length_over_gravity,6.283185307179586,0.0,[5]
random,0.0,73,True,1,sqrt_length_over_gravity,6.283185307179586,0.0,[8]
random,0.0,74,True,3,sqrt_length_over_gravity,6.283185307179587,3.2869204384208823e-32,"[13, 12, 5]"
random,0.0,75,True,5,sqrt_length_over_gravity,6.283185307179586,0.0,"[11, 14, 10, 13, 4]"
random,0.0,76,True,4,sqrt_length_over_gravity,6.283185307179586,0.0,"[9, 12, 11, 7]"
random,0.0,77,True,1,sqrt_length_over_gravity,6.283185307179586,0.0,[8]
random,0.0,78,True,1,sqrt_length_over_gravity,6.283185307179585,3.0814879110195774e-31,[7]
random,0.0,79,True,1,sqrt_length_over_gravity,6.283185307179586,0.0,[6]
random,0.0,80,True,1,sqrt_length_over_gravity,6.283185307179586,0.0,[8]
random,0.0,81,True,6,sqrt_length_over_gravity,6.283185307179586,0.0,"[12, 11, 9, 15, 13, 7]"
random,0.0,82,True,1,sqrt_length_over_gravity,6.283185307179586,0.0,[6]
random,0.0,83,True,3,sqrt_length_over_gravity,6.283185307179587,1.6434602192104413e-31,"[11, 12, 5]"
random,0.0,84,True,2,sqrt_length_over_gravity,6.283185307179585,2.8596207814261677e-31,"[15, 8]"
random,0.0,85,True,1,sqrt_length_over_gravity,6.283185307179585,3.0814879110195774e-31,[7]
random,0.0,86,True,1,sqrt_length_over_gravity,6.283185307179586,0.0,[4]
random,0.0,87,True,1,sqrt_length_over_gravity,6.283185307179586,0.0,[6]
random,0.0,88,True,2,sqrt_length_over_gravity,6.2831853071795845,4.338734978715565e-31,"[10, 7]"
random,0.0,89,True,1,sqrt_length_over_gravity,6.283185307179586,0.0,[5]
random,0.0,90,True,1,sqrt_length_over_gravity,6.283185307179585,3.0814879110195774e-31,[7]
random,0.0,91,True,1,sqrt_length_over_gravity,6.283185307179586,0.0,[5]
random,0.0,92,True,5,sqrt_length_over_gravity,6.2831853071795845,3.4512664603419266e-31,"[10, 13, 15, 14, 8]"
random,0.0,93,True,4,sqrt_length_over_gravity,6.283185307179585,3.6625684885261264e-31,"[11, 14, 9, 5]"
random,0.0,94,True,2,sqrt_length_over_gravity,6.283185307179586,0.0,"[12, 6]"
random,0.0,95,True,4,sqrt_length_over_gravity,6.283185307179586,0.0,"[12, 13, 14, 6]"
random,0.0,96,True,4,sqrt_length_over_gravity,6.283185307179585,2.3947563194209285e-31,"[9, 10, 12, 7]"
random,0.0,97,True,1,sqrt_length_over_gravity,6.283185307179585,3.0814879110195774e-31,[7]
random,0.0,98,True,3,sqrt_length_over_gravity,6.283185307179586,0.0,"[9, 14, 4]"
random,0.0,99,True,3,sqrt_length_over_gravity,6.283185307179585,3.697785493223493e-31,"[10, 11, 7]"
greedy,0.0,0,True,1,sqrt_length_over_gravity,6.283185307179586,0.0,[4]
greedy,0.0,1,True,1,sqrt_length_over_gravity,6.283185307179586,0.0,[4]
greedy,0.0,2,True,1,sqrt_length_over_gravity,6.283185307179586,0.0,[4]
greedy,0.0,3,True,1,sqrt_length_over_gravity,6.283185307179586,0.0,[4]
greedy,0.0,4,True,1,sqrt_length_over_gravity,6.283185307179586,0.0,[4]
greedy,0.0,5,True,1,sqrt_length_over_gravity,6.283185307179586,0.0,[4]
greedy,0.0,6,True,1,sqrt_length_over_gravity,6.283185307179586,0.0,[4]
greedy,0.0,7,True,1,sqrt_length_over_gravity,6.283185307179586,0.0,[4]
greedy,0.0,8,True,1,sqrt_length_over_gravity,6.283185307179586,0.0,[4]
greedy,0.0,9,True,1,sqrt_length_over_gravity,6.283185307179586,0.0,[4]
greedy,0.0,10,True,1,sqrt_length_over_gravity,6.283185307179586,0.0,[4]
greedy,0.0,11,True,1,sqrt_length_over_gravity,6.283185307179586,0.0,[4]
greedy,0.0,12,True,1,sqrt_length_over_gravity,6.283185307179586,0.0,[4]
greedy,0.0,13,True,1,sqrt_length_over_gravity,6.283185307179586,0.0,[4]
greedy,0.0,14,True,1,sqrt_length_over_gravity,6.283185307179586,0.0,[4]
greedy,0.0,15,True,1,sqrt_length_over_gravity,6.283185307179586,0.0,[4]
greedy,0.0,16,True,1,sqrt_length_over_gravity,6.283185307179586,0.0,[4]
greedy,0.0,17,True,1,sqrt_length_over_gravity,6.283185307179586,0.0,[4]
greedy,0.0,18,True,1,sqrt_length_over_gravity,6.283185307179586,0.0,[4]
greedy,0.0,19,True,1,sqrt_length_over_gravity,6.283185307179586,0.0,[4]
greedy,0.0,20,True,1,sqrt_length_over_gravity,6.283185307179586,0.0,[4]
greedy,0.0,21,True,1,sqrt_length_over_gravity,6.283185307179586,0.0,[4]
greedy,0.0,22,True,1,sqrt_length_over_gravity,6.283185307179586,0.0,[4]
greedy,0.0,23,True,1,sqrt_length_over_gravity,6.283185307179586,0.0,[4]
greedy,0.0,24,True,1,sqrt_length_over_gravity,6.283185307179586,0.0,[4]
greedy,0.0,25,True,1,sqrt_length_over_gravity,6.283185307179586,0.0,[4]
greedy,0.0,26,True,1,sqrt_length_over_gravity,6.283185307179586,0.0,[4]
greedy,0.0,27,True,1,sqrt_length_over_gravity,6.283185307179586,0.0,[4]
greedy,0.0,28,True,1,sqrt_length_over_gravity,6.283185307179586,0.0,[4]
greedy,0.0,29,True,1,sqrt_length_over_gravity,6.283185307179586,0.0,[4]
greedy,0.0,30,True,1,sqrt_length_over_gravity,6.283185307179586,0.0,[4]
greedy,0.0,31,True,1,sqrt_length_over_gravity,6.283185307179586,0.0,[4]
greedy,0.0,32,True,1,sqrt_length_over_gravity,6.283185307179586,0.0,[4]
greedy,0.0,33,True,1,sqrt_length_over_gravity,6.283185307179586,0.0,[4]
greedy,0.0,34,True,1,sqrt_length_over_gravity,6.283185307179586,0.0,[4]
greedy,0.0,35,True,1,sqrt_length_over_gravity,6.283185307179586,0.0,[4]
greedy,0.0,36,True,1,sqrt_length_over_gravity,6.283185307179586,0.0,[4]
greedy,0.0,37,True,1,sqrt_length_over_gravity,6.283185307179586,0.0,[4]
greedy,0.0,38,True,1,sqrt_length_over_gravity,6.283185307179586,0.0,[4]
greedy,0.0,39,True,1,sqrt_length_over_gravity,6.283185307179586,0.0,[4]
greedy,0.0,40,True,1,sqrt_length_over_gravity,6.283185307179586,0.0,[4]
greedy,0.0,41,True,1,sqrt_length_over_gravity,6.283185307179586,0.0,[4]
greedy,0.0,42,True,1,sqrt_length_over_gravity,6.283185307179586,0.0,[4]
greedy,0.0,43,True,1,sqrt_length_over_gravity,6.283185307179586,0.0,[4]
greedy,0.0,44,True,1,sqrt_length_over_gravity,6.283185307179586,0.0,[4]
greedy,0.0,45,True,1,sqrt_length_over_gravity,6.283185307179586,0.0,[4]
greedy,0.0,46,True,1,sqrt_length_over_gravity,6.283185307179586,0.0,[4]
greedy,0.0,47,True,1,sqrt_length_over_gravity,6.283185307179586,0.0,[4]
greedy,0.0,48,True,1,sqrt_length_over_gravity,6.283185307179586,0.0,[4]
greedy,0.0,49,True,1,sqrt_length_over_gravity,6.283185307179586,0.0,[4]
greedy,0.0,50,True,1,sqrt_length_over_gravity,6.283185307179586,0.0,[4]
greedy,0.0,51,True,1,sqrt_length_over_gravity,6.283185307179586,0.0,[4]
greedy,0.0,52,True,1,sqrt_length_over_gravity,6.283185307179586,0.0,[4]
greedy,0.0,53,True,1,sqrt_length_over_gravity,6.283185307179586,0.0,[4]
greedy,0.0,54,True,1,sqrt_length_over_gravity,6.283185307179586,0.0,[4]
greedy,0.0,55,True,1,sqrt_length_over_gravity,6.283185307179586,0.0,[4]
greedy,0.0,56,True,1,sqrt_length_over_gravity,6.283185307179586,0.0,[4]
greedy,0.0,57,True,1,sqrt_length_over_gravity,6.283185307179586,0.0,[4]
greedy,0.0,58,True,1,sqrt_length_over_gravity,6.283185307179586,0.0,[4]
greedy,0.0,59,True,1,sqrt_length_over_gravity,6.283185307179586,0.0,[4]
greedy,0.0,60,True,1,sqrt_length_over_gravity,6.283185307179586,0.0,[4]
greedy,0.0,61,True,1,sqrt_length_over_gravity,6.283185307179586,0.0,[4]
greedy,0.0,62,True,1,sqrt_length_over_gravity,6.283185307179586,0.0,[4]
greedy,0.0,63,True,1,sqrt_length_over_gravity,6.283185307179586,0.0,[4]
greedy,0.0,64,True,1,sqrt_length_over_gravity,6.283185307179586,0.0,[4]
greedy,0.0,65,True,1,sqrt_length_over_gravity,6.283185307179586,0.0,[4]
greedy,0.0,66,True,1,sqrt_length_over_gravity,6.283185307179586,0.0,[4]
greedy,0.0,67,True,1,sqrt_length_over_gravity,6.283185307179586,0.0,[4]
greedy,0.0,68,True,1,sqrt_length_over_gravity,6.283185307179586,0.0,[4]
greedy,0.0,69,True,1,sqrt_length_over_gravity,6.283185307179586,0.0,[4]
greedy,0.0,70,True,1,sqrt_length_over_gravity,6.283185307179586,0.0,[4]
greedy,0.0,71,True,1,sqrt_length_over_gravity,6.283185307179586,0.0,[4]
greedy,0.0,72,True,1,sqrt_length_over_gravity,6.283185307179586,0.0,[4]
greedy,0.0,73,True,1,sqrt_length_over_gravity,6.283185307179586,0.0,[4]
greedy,0.0,74,True,1,sqrt_length_over_gravity,6.283185307179586,0.0,[4]
greedy,0.0,75,True,1,sqrt_length_over_gravity,6.283185307179586,0.0,[4]
greedy,0.0,76,True,1,sqrt_length_over_gravity,6.283185307179586,0.0,[4]
greedy,0.0,77,True,1,sqrt_length_over_gravity,6.283185307179586,0.0,[4]
greedy,0.0,78,True,1,sqrt_length_over_gravity,6.283185307179586,0.0,[4]
greedy,0.0,79,True,1,sqrt_length_over_gravity,6.283185307179586,0.0,[4]
greedy,0.0,80,True,1,sqrt_length_over_gravity,6.283185307179586,0.0,[4]
greedy,0.0,81,True,1,sqrt_length_over_gravity,6.283185307179586,0.0,[4]
greedy,0.0,82,True,1,sqrt_length_over_gravity,6.283185307179586,0.0,[4]
greedy,0.0,83,True,1,sqrt_length_over_gravity,6.283185307179586,0.0,[4]
greedy,0.0,84,True,1,sqrt_length_over_gravity,6.283185307179586,0.0,[4]
greedy,0.0,85,True,1,sqrt_length_over_gravity,6.283185307179586,0.0,[4]
greedy,0.0,86,True,1,sqrt_length_over_gravity,6.283185307179586,0.0,[4]
greedy,0.0,87,True,1,sqrt_length_over_gravity,6.283185307179586,0.0,[4]
greedy,0.0,88,True,1,sqrt_length_over_gravity,6.283185307179586,0.0,[4]
greedy,0.0,89,True,1,sqrt_length_over_gravity,6.283185307179586,0.0,[4]
greedy,0.0,90,True,1,sqrt_length_over_gravity,6.283185307179586,0.0,[4]
greedy,0.0,91,True,1,sqrt_length_over_gravity,6.283185307179586,0.0,[4]
greedy,0.0,92,True,1,sqrt_length_over_gravity,6.283185307179586,0.0,[4]
greedy,0.0,93,True,1,sqrt_length_over_gravity,6.283185307179586,0.0,[4]
greedy,0.0,94,True,1,sqrt_length_over_gravity,6.283185307179586,0.0,[4]
greedy,0.0,95,True,1,sqrt_length_over_gravity,6.283185307179586,0.0,[4]
greedy,0.0,96,True,1,sqrt_length_over_gravity,6.283185307179586,0.0,[4]
greedy,0.0,97,True,1,sqrt_length_over_gravity,6.283185307179586,0.0,[4]
greedy,0.0,98,True,1,sqrt_length_over_gravity,6.283185307179586,0.0,[4]
greedy,0.0,99,True,1,sqrt_length_over_gravity,6.283185307179586,0.0,[4]
disagreement,0.0,0,True,3,sqrt_length_over_gravity,6.283185307179586,0.0,"[11, 12, 4]"
disagreement,0.0,1,True,3,sqrt_length_over_gravity,6.283185307179586,0.0,"[11, 12, 4]"
disagreement,0.0,2,True,3,sqrt_length_over_gravity,6.283185307179586,0.0,"[11, 12, 4]"
disagreement,0.0,3,True,3,sqrt_length_over_gravity,6.283185307179586,0.0,"[11, 12, 4]"
disagreement,0.0,4,True,3,sqrt_length_over_gravity,6.283185307179586,0.0,"[11, 12, 4]"
disagreement,0.0,5,True,3,sqrt_length_over_gravity,6.283185307179586,0.0,"[11, 12, 4]"
disagreement,0.0,6,True,3,sqrt_length_over_gravity,6.283185307179586,0.0,"[11, 12, 4]"
disagreement,0.0,7,True,3,sqrt_length_over_gravity,6.283185307179586,0.0,"[11, 12, 4]"
disagreement,0.0,8,True,3,sqrt_length_over_gravity,6.283185307179586,0.0,"[11, 12, 4]"
disagreement,0.0,9,True,3,sqrt_length_over_gravity,6.283185307179586,0.0,"[11, 12, 4]"
disagreement,0.0,10,True,3,sqrt_length_over_gravity,6.283185307179586,0.0,"[11, 12, 4]"
disagreement,0.0,11,True,3,sqrt_length_over_gravity,6.283185307179586,0.0,"[11, 12, 4]"
disagreement,0.0,12,True,3,sqrt_length_over_gravity,6.283185307179586,0.0,"[11, 12, 4]"
disagreement,0.0,13,True,3,sqrt_length_over_gravity,6.283185307179586,0.0,"[11, 12, 4]"
disagreement,0.0,14,True,3,sqrt_length_over_gravity,6.283185307179586,0.0,"[11, 12, 4]"
disagreement,0.0,15,True,3,sqrt_length_over_gravity,6.283185307179586,0.0,"[11, 12, 4]"
disagreement,0.0,16,True,3,sqrt_length_over_gravity,6.283185307179586,0.0,"[11, 12, 4]"
disagreement,0.0,17,True,3,sqrt_length_over_gravity,6.283185307179586,0.0,"[11, 12, 4]"
disagreement,0.0,18,True,3,sqrt_length_over_gravity,6.283185307179586,0.0,"[11, 12, 4]"
disagreement,0.0,19,True,3,sqrt_length_over_gravity,6.283185307179586,0.0,"[11, 12, 4]"
disagreement,0.0,20,True,3,sqrt_length_over_gravity,6.283185307179586,0.0,"[11, 12, 4]"
disagreement,0.0,21,True,3,sqrt_length_over_gravity,6.283185307179586,0.0,"[11, 12, 4]"
disagreement,0.0,22,True,3,sqrt_length_over_gravity,6.283185307179586,0.0,"[11, 12, 4]"
disagreement,0.0,23,True,3,sqrt_length_over_gravity,6.283185307179586,0.0,"[11, 12, 4]"
disagreement,0.0,24,True,3,sqrt_length_over_gravity,6.283185307179586,0.0,"[11, 12, 4]"
disagreement,0.0,25,True,3,sqrt_length_over_gravity,6.283185307179586,0.0,"[11, 12, 4]"
disagreement,0.0,26,True,3,sqrt_length_over_gravity,6.283185307179586,0.0,"[11, 12, 4]"
disagreement,0.0,27,True,3,sqrt_length_over_gravity,6.283185307179586,0.0,"[11, 12, 4]"
disagreement,0.0,28,True,3,sqrt_length_over_gravity,6.283185307179586,0.0,"[11, 12, 4]"
disagreement,0.0,29,True,3,sqrt_length_over_gravity,6.283185307179586,0.0,"[11, 12, 4]"
disagreement,0.0,30,True,3,sqrt_length_over_gravity,6.283185307179586,0.0,"[11, 12, 4]"
disagreement,0.0,31,True,3,sqrt_length_over_gravity,6.283185307179586,0.0,"[11, 12, 4]"
disagreement,0.0,32,True,3,sqrt_length_over_gravity,6.283185307179586,0.0,"[11, 12, 4]"
disagreement,0.0,33,True,3,sqrt_length_over_gravity,6.283185307179586,0.0,"[11, 12, 4]"
disagreement,0.0,34,True,3,sqrt_length_over_gravity,6.283185307179586,0.0,"[11, 12, 4]"
disagreement,0.0,35,True,3,sqrt_length_over_gravity,6.283185307179586,0.0,"[11, 12, 4]"
disagreement,0.0,36,True,3,sqrt_length_over_gravity,6.283185307179586,0.0,"[11, 12, 4]"
disagreement,0.0,37,True,3,sqrt_length_over_gravity,6.283185307179586,0.0,"[11, 12, 4]"
disagreement,0.0,38,True,3,sqrt_length_over_gravity,6.283185307179586,0.0,"[11, 12, 4]"
disagreement,0.0,39,True,3,sqrt_length_over_gravity,6.283185307179586,0.0,"[11, 12, 4]"
disagreement,0.0,40,True,3,sqrt_length_over_gravity,6.283185307179586,0.0,"[11, 12, 4]"
disagreement,0.0,41,True,3,sqrt_length_over_gravity,6.283185307179586,0.0,"[11, 12, 4]"
disagreement,0.0,42,True,3,sqrt_length_over_gravity,6.283185307179586,0.0,"[11, 12, 4]"
disagreement,0.0,43,True,3,sqrt_length_over_gravity,6.283185307179586,0.0,"[11, 12, 4]"
disagreement,0.0,44,True,3,sqrt_length_over_gravity,6.283185307179586,0.0,"[11, 12, 4]"
disagreement,0.0,45,True,3,sqrt_length_over_gravity,6.283185307179586,0.0,"[11, 12, 4]"
disagreement,0.0,46,True,3,sqrt_length_over_gravity,6.283185307179586,0.0,"[11, 12, 4]"
disagreement,0.0,47,True,3,sqrt_length_over_gravity,6.283185307179586,0.0,"[11, 12, 4]"
disagreement,0.0,48,True,3,sqrt_length_over_gravity,6.283185307179586,0.0,"[11, 12, 4]"
disagreement,0.0,49,True,3,sqrt_length_over_gravity,6.283185307179586,0.0,"[11, 12, 4]"
disagreement,0.0,50,True,3,sqrt_length_over_gravity,6.283185307179586,0.0,"[11, 12, 4]"
disagreement,0.0,51,True,3,sqrt_length_over_gravity,6.283185307179586,0.0,"[11, 12, 4]"
disagreement,0.0,52,True,3,sqrt_length_over_gravity,6.283185307179586,0.0,"[11, 12, 4]"
disagreement,0.0,53,True,3,sqrt_length_over_gravity,6.283185307179586,0.0,"[11, 12, 4]"
disagreement,0.0,54,True,3,sqrt_length_over_gravity,6.283185307179586,0.0,"[11, 12, 4]"
disagreement,0.0,55,True,3,sqrt_length_over_gravity,6.283185307179586,0.0,"[11, 12, 4]"
disagreement,0.0,56,True,3,sqrt_length_over_gravity,6.283185307179586,0.0,"[11, 12, 4]"
disagreement,0.0,57,True,3,sqrt_length_over_gravity,6.283185307179586,0.0,"[11, 12, 4]"
disagreement,0.0,58,True,3,sqrt_length_over_gravity,6.283185307179586,0.0,"[11, 12, 4]"
disagreement,0.0,59,True,3,sqrt_length_over_gravity,6.283185307179586,0.0,"[11, 12, 4]"
disagreement,0.0,60,True,3,sqrt_length_over_gravity,6.283185307179586,0.0,"[11, 12, 4]"
disagreement,0.0,61,True,3,sqrt_length_over_gravity,6.283185307179586,0.0,"[11, 12, 4]"
disagreement,0.0,62,True,3,sqrt_length_over_gravity,6.283185307179586,0.0,"[11, 12, 4]"
disagreement,0.0,63,True,3,sqrt_length_over_gravity,6.283185307179586,0.0,"[11, 12, 4]"
disagreement,0.0,64,True,3,sqrt_length_over_gravity,6.283185307179586,0.0,"[11, 12, 4]"
disagreement,0.0,65,True,3,sqrt_length_over_gravity,6.283185307179586,0.0,"[11, 12, 4]"
disagreement,0.0,66,True,3,sqrt_length_over_gravity,6.283185307179586,0.0,"[11, 12, 4]"
disagreement,0.0,67,True,3,sqrt_length_over_gravity,6.283185307179586,0.0,"[11, 12, 4]"
disagreement,0.0,68,True,3,sqrt_length_over_gravity,6.283185307179586,0.0,"[11, 12, 4]"
disagreement,0.0,69,True,3,sqrt_length_over_gravity,6.283185307179586,0.0,"[11, 12, 4]"
disagreement,0.0,70,True,3,sqrt_length_over_gravity,6.283185307179586,0.0,"[11, 12, 4]"
disagreement,0.0,71,True,3,sqrt_length_over_gravity,6.283185307179586,0.0,"[11, 12, 4]"
disagreement,0.0,72,True,3,sqrt_length_over_gravity,6.283185307179586,0.0,"[11, 12, 4]"
disagreement,0.0,73,True,3,sqrt_length_over_gravity,6.283185307179586,0.0,"[11, 12, 4]"
disagreement,0.0,74,True,3,sqrt_length_over_gravity,6.283185307179586,0.0,"[11, 12, 4]"
disagreement,0.0,75,True,3,sqrt_length_over_gravity,6.283185307179586,0.0,"[11, 12, 4]"
disagreement,0.0,76,True,3,sqrt_length_over_gravity,6.283185307179586,0.0,"[11, 12, 4]"
disagreement,0.0,77,True,3,sqrt_length_over_gravity,6.283185307179586,0.0,"[11, 12, 4]"
disagreement,0.0,78,True,3,sqrt_length_over_gravity,6.283185307179586,0.0,"[11, 12, 4]"
disagreement,0.0,79,True,3,sqrt_length_over_gravity,6.283185307179586,0.0,"[11, 12, 4]"
disagreement,0.0,80,True,3,sqrt_length_over_gravity,6.283185307179586,0.0,"[11, 12, 4]"
disagreement,0.0,81,True,3,sqrt_length_over_gravity,6.283185307179586,0.0,"[11, 12, 4]"
disagreement,0.0,82,True,3,sqrt_length_over_gravity,6.283185307179586,0.0,"[11, 12, 4]"
disagreement,0.0,83,True,3,sqrt_length_over_gravity,6.283185307179586,0.0,"[11, 12, 4]"
disagreement,0.0,84,True,3,sqrt_length_over_gravity,6.283185307179586,0.0,"[11, 12, 4]"
disagreement,0.0,85,True,3,sqrt_length_over_gravity,6.283185307179586,0.0,"[11, 12, 4]"
disagreement,0.0,86,True,3,sqrt_length_over_gravity,6.283185307179586,0.0,"[11, 12, 4]"
disagreement,0.0,87,True,3,sqrt_length_over_gravity,6.283185307179586,0.0,"[11, 12, 4]"
disagreement,0.0,88,True,3,sqrt_length_over_gravity,6.283185307179586,0.0,"[11, 12, 4]"
disagreement,0.0,89,True,3,sqrt_length_over_gravity,6.283185307179586,0.0,"[11, 12, 4]"
disagreement,0.0,90,True,3,sqrt_length_over_gravity,6.283185307179586,0.0,"[11, 12, 4]"
disagreement,0.0,91,True,3,sqrt_length_over_gravity,6.283185307179586,0.0,"[11, 12, 4]"
disagreement,0.0,92,True,3,sqrt_length_over_gravity,6.283185307179586,0.0,"[11, 12, 4]"
disagreement,0.0,93,True,3,sqrt_length_over_gravity,6.283185307179586,0.0,"[11, 12, 4]"
disagreement,0.0,94,True,3,sqrt_length_over_gravity,6.283185307179586,0.0,"[11, 12, 4]"
disagreement,0.0,95,True,3,sqrt_length_over_gravity,6.283185307179586,0.0,"[11, 12, 4]"
disagreement,0.0,96,True,3,sqrt_length_over_gravity,6.283185307179586,0.0,"[11, 12, 4]"
disagreement,0.0,97,True,3,sqrt_length_over_gravity,6.283185307179586,0.0,"[11, 12, 4]"
disagreement,0.0,98,True,3,sqrt_length_over_gravity,6.283185307179586,0.0,"[11, 12, 4]"
disagreement,0.0,99,True,3,sqrt_length_over_gravity,6.283185307179586,0.0,"[11, 12, 4]"
information_gain,0.0,0,True,1,sqrt_length_over_gravity,6.283185307179586,0.0,[4]
information_gain,0.0,1,True,1,sqrt_length_over_gravity,6.283185307179586,0.0,[4]
information_gain,0.0,2,True,1,sqrt_length_over_gravity,6.283185307179586,0.0,[4]
information_gain,0.0,3,True,1,sqrt_length_over_gravity,6.283185307179586,0.0,[4]
information_gain,0.0,4,True,1,sqrt_length_over_gravity,6.283185307179586,0.0,[4]
information_gain,0.0,5,True,1,sqrt_length_over_gravity,6.283185307179586,0.0,[4]
information_gain,0.0,6,True,1,sqrt_length_over_gravity,6.283185307179586,0.0,[4]
information_gain,0.0,7,True,1,sqrt_length_over_gravity,6.283185307179586,0.0,[4]
information_gain,0.0,8,True,1,sqrt_length_over_gravity,6.283185307179586,0.0,[4]
information_gain,0.0,9,True,1,sqrt_length_over_gravity,6.283185307179586,0.0,[4]
information_gain,0.0,10,True,1,sqrt_length_over_gravity,6.283185307179586,0.0,[4]
information_gain,0.0,11,True,1,sqrt_length_over_gravity,6.283185307179586,0.0,[4]
information_gain,0.0,12,True,1,sqrt_length_over_gravity,6.283185307179586,0.0,[4]
information_gain,0.0,13,True,1,sqrt_length_over_gravity,6.283185307179586,0.0,[4]
information_gain,0.0,14,True,1,sqrt_length_over_gravity,6.283185307179586,0.0,[4]
information_gain,0.0,15,True,1,sqrt_length_over_gravity,6.283185307179586,0.0,[4]
information_gain,0.0,16,True,1,sqrt_length_over_gravity,6.283185307179586,0.0,[4]
information_gain,0.0,17,True,1,sqrt_length_over_gravity,6.283185307179586,0.0,[4]
information_gain,0.0,18,True,1,sqrt_length_over_gravity,6.283185307179586,0.0,[4]
information_gain,0.0,19,True,1,sqrt_length_over_gravity,6.283185307179586,0.0,[4]
information_gain,0.0,20,True,1,sqrt_length_over_gravity,6.283185307179586,0.0,[4]
information_gain,0.0,21,True,1,sqrt_length_over_gravity,6.283185307179586,0.0,[4]
information_gain,0.0,22,True,1,sqrt_length_over_gravity,6.283185307179586,0.0,[4]
information_gain,0.0,23,True,1,sqrt_length_over_gravity,6.283185307179586,0.0,[4]
information_gain,0.0,24,True,1,sqrt_length_over_gravity,6.283185307179586,0.0,[4]
information_gain,0.0,25,True,1,sqrt_length_over_gravity,6.283185307179586,0.0,[4]
information_gain,0.0,26,True,1,sqrt_length_over_gravity,6.283185307179586,0.0,[4]
information_gain,0.0,27,True,1,sqrt_length_over_gravity,6.283185307179586,0.0,[4]
information_gain,0.0,28,True,1,sqrt_length_over_gravity,6.283185307179586,0.0,[4]
information_gain,0.0,29,True,1,sqrt_length_over_gravity,6.283185307179586,0.0,[4]
information_gain,0.0,30,True,1,sqrt_length_over_gravity,6.283185307179586,0.0,[4]
information_gain,0.0,31,True,1,sqrt_length_over_gravity,6.283185307179586,0.0,[4]
information_gain,0.0,32,True,1,sqrt_length_over_gravity,6.283185307179586,0.0,[4]
information_gain,0.0,33,True,1,sqrt_length_over_gravity,6.283185307179586,0.0,[4]
information_gain,0.0,34,True,1,sqrt_length_over_gravity,6.283185307179586,0.0,[4]
information_gain,0.0,35,True,1,sqrt_length_over_gravity,6.283185307179586,0.0,[4]
information_gain,0.0,36,True,1,sqrt_length_over_gravity,6.283185307179586,0.0,[4]
information_gain,0.0,37,True,1,sqrt_length_over_gravity,6.283185307179586,0.0,[4]
information_gain,0.0,38,True,1,sqrt_length_over_gravity,6.283185307179586,0.0,[4]
information_gain,0.0,39,True,1,sqrt_length_over_gravity,6.283185307179586,0.0,[4]
information_gain,0.0,40,True,1,sqrt_length_over_gravity,6.283185307179586,0.0,[4]
information_gain,0.0,41,True,1,sqrt_length_over_gravity,6.283185307179586,0.0,[4]
information_gain,0.0,42,True,1,sqrt_length_over_gravity,6.283185307179586,0.0,[4]
information_gain,0.0,43,True,1,sqrt_length_over_gravity,6.283185307179586,0.0,[4]
information_gain,0.0,44,True,1,sqrt_length_over_gravity,6.283185307179586,0.0,[4]
information_gain,0.0,45,True,1,sqrt_length_over_gravity,6.283185307179586,0.0,[4]
information_gain,0.0,46,True,1,sqrt_length_over_gravity,6.283185307179586,0.0,[4]
information_gain,0.0,47,True,1,sqrt_length_over_gravity,6.283185307179586,0.0,[4]
information_gain,0.0,48,True,1,sqrt_length_over_gravity,6.283185307179586,0.0,[4]
information_gain,0.0,49,True,1,sqrt_length_over_gravity,6.283185307179586,0.0,[4]
information_gain,0.0,50,True,1,sqrt_length_over_gravity,6.283185307179586,0.0,[4]
information_gain,0.0,51,True,1,sqrt_length_over_gravity,6.283185307179586,0.0,[4]
information_gain,0.0,52,True,1,sqrt_length_over_gravity,6.283185307179586,0.0,[4]
information_gain,0.0,53,True,1,sqrt_length_over_gravity,6.283185307179586,0.0,[4]
information_gain,0.0,54,True,1,sqrt_length_over_gravity,6.283185307179586,0.0,[4]
information_gain,0.0,55,True,1,sqrt_length_over_gravity,6.283185307179586,0.0,[4]
information_gain,0.0,56,True,1,sqrt_length_over_gravity,6.283185307179586,0.0,[4]
information_gain,0.0,57,True,1,sqrt_length_over_gravity,6.283185307179586,0.0,[4]
information_gain,0.0,58,True,1,sqrt_length_over_gravity,6.283185307179586,0.0,[4]
information_gain,0.0,59,True,1,sqrt_length_over_gravity,6.283185307179586,0.0,[4]
information_gain,0.0,60,True,1,sqrt_length_over_gravity,6.283185307179586,0.0,[4]
information_gain,0.0,61,True,1,sqrt_length_over_gravity,6.283185307179586,0.0,[4]
information_gain,0.0,62,True,1,sqrt_length_over_gravity,6.283185307179586,0.0,[4]
information_gain,0.0,63,True,1,sqrt_length_over_gravity,6.283185307179586,0.0,[4]
information_gain,0.0,64,True,1,sqrt_length_over_gravity,6.283185307179586,0.0,[4]
information_gain,0.0,65,True,1,sqrt_length_over_gravity,6.283185307179586,0.0,[4]
information_gain,0.0,66,True,1,sqrt_length_over_gravity,6.283185307179586,0.0,[4]
information_gain,0.0,67,True,1,sqrt_length_over_gravity,6.283185307179586,0.0,[4]
information_gain,0.0,68,True,1,sqrt_length_over_gravity,6.283185307179586,0.0,[4]
information_gain,0.0,69,True,1,sqrt_length_over_gravity,6.283185307179586,0.0,[4]
information_gain,0.0,70,True,1,sqrt_length_over_gravity,6.283185307179586,0.0,[4]
information_gain,0.0,71,True,1,sqrt_length_over_gravity,6.283185307179586,0.0,[4]
information_gain,0.0,72,True,1,sqrt_length_over_gravity,6.283185307179586,0.0,[4]
information_gain,0.0,73,True,1,sqrt_length_over_gravity,6.283185307179586,0.0,[4]
information_gain,0.0,74,True,1,sqrt_length_over_gravity,6.283185307179586,0.0,[4]
information_gain,0.0,75,True,1,sqrt_length_over_gravity,6.283185307179586,0.0,[4]
information_gain,0.0,76,True,1,sqrt_length_over_gravity,6.283185307179586,0.0,[4]
information_gain,0.0,77,True,1,sqrt_length_over_gravity,6.283185307179586,0.0,[4]
information_gain,0.0,78,True,1,sqrt_length_over_gravity,6.283185307179586,0.0,[4]
information_gain,0.0,79,True,1,sqrt_length_over_gravity,6.283185307179586,0.0,[4]
information_gain,0.0,80,True,1,sqrt_length_over_gravity,6.283185307179586,0.0,[4]
information_gain,0.0,81,True,1,sqrt_length_over_gravity,6.283185307179586,0.0,[4]
information_gain,0.0,82,True,1,sqrt_length_over_gravity,6.283185307179586,0.0,[4]
information_gain,0.0,83,True,1,sqrt_length_over_gravity,6.283185307179586,0.0,[4]
information_gain,0.0,84,True,1,sqrt_length_over_gravity,6.283185307179586,0.0,[4]
information_gain,0.0,85,True,1,sqrt_length_over_gravity,6.283185307179586,0.0,[4]
information_gain,0.0,86,True,1,sqrt_length_over_gravity,6.283185307179586,0.0,[4]
information_gain,0.0,87,True,1,sqrt_length_over_gravity,6.283185307179586,0.0,[4]
information_gain,0.0,88,True,1,sqrt_length_over_gravity,6.283185307179586,0.0,[4]
information_gain,0.0,89,True,1,sqrt_length_over_gravity,6.283185307179586,0.0,[4]
information_gain,0.0,90,True,1,sqrt_length_over_gravity,6.283185307179586,0.0,[4]
information_gain,0.0,91,True,1,sqrt_length_over_gravity,6.283185307179586,0.0,[4]
information_gain,0.0,92,True,1,sqrt_length_over_gravity,6.283185307179586,0.0,[4]
information_gain,0.0,93,True,1,sqrt_length_over_gravity,6.283185307179586,0.0,[4]
information_gain,0.0,94,True,1,sqrt_length_over_gravity,6.283185307179586,0.0,[4]
information_gain,0.0,95,True,1,sqrt_length_over_gravity,6.283185307179586,0.0,[4]
information_gain,0.0,96,True,1,sqrt_length_over_gravity,6.283185307179586,0.0,[4]
information_gain,0.0,97,True,1,sqrt_length_over_gravity,6.283185307179586,0.0,[4]
information_gain,0.0,98,True,1,sqrt_length_over_gravity,6.283185307179586,0.0,[4]
information_gain,0.0,99,True,1,sqrt_length_over_gravity,6.283185307179586,0.0,[4]
random,0.1,0,True,3,sqrt_length_over_gravity,6.21232203015909,0.006123958606725628,"[10, 11, 4]"
random,0.1,1,True,3,sqrt_length_over_gravity,6.314695854705249,0.009076030076203398,"[6, 14, 5]"
random,0.1,2,True,1,sqrt_length_over_gravity,6.391993600042308,0.012905870205020856,[4]
random,0.1,3,True,4,sqrt_length_over_gravity,6.345583702048126,0.009664350676284541,"[7, 14, 13, 6]"
random,0.1,4,True,3,sqrt_length_over_gravity,6.335352278283089,0.0021579654694407,"[7, 9, 5]"
random,0.1,5,True,5,sqrt_length_over_gravity,6.144447892034455,0.015178006904652052,"[13, 8, 10, 15, 4]"
random,0.1,6,True,2,sqrt_length_over_gravity,6.245093422195359,0.01221602030490009,"[13, 5]"
random,0.1,7,True,4,sqrt_length_over_gravity,6.272126814204043,0.0037286478880897292,"[9, 6, 12, 4]"
random,0.1,8,True,7,sqrt_length_over_gravity,6.40856819676888,0.008652467873084917,"[7, 10, 12, 6, 9, 14, 4]"
random,0.1,9,True,6,sqrt_length_over_gravity,6.373513042420689,0.007534500858548864,"[11, 14, 9, 8, 6, 5]"
random,0.1,10,True,2,sqrt_length_over_gravity,6.210328818287688,0.003271165915075925,"[13, 4]"
random,0.1,11,True,9,sqrt_length_over_gravity,6.254859317540286,0.008159847026852964,"[11, 13, 12, 14, 7, 5, 10, 9, 6]"
random,0.1,12,True,5,sqrt_length_over_gravity,6.276191056163649,0.008382951264570643,"[11, 8, 14, 10, 6]"
random,0.1,13,True,1,sqrt_length_over_gravity,6.203049039918672,0.014127812985096157,[8]
random,0.1,14,True,9,sqrt_length_over_gravity,6.2074161207152505,0.012536882581510126,"[5, 14, 13, 8, 10, 12, 7, 9, 4]"
random,0.1,15,True,2,sqrt_length_over_gravity,6.27161976563825,0.0007790837812069656,"[7, 4]"
random,0.1,16,True,6,sqrt_length_over_gravity,6.31473604622502,0.008045239777403509,"[9, 12, 13, 8, 14, 5]"
random,0.1,17,True,3,sqrt_length_over_gravity,6.231073991604478,0.010202540523488339,"[12, 10, 8]"
random,0.1,18,True,2,sqrt_length_over_gravity,6.302602338879531,0.00786141237410361,"[6, 5]"
random,0.1,19,True,2,sqrt_length_over_gravity,5.982967549982391,0.007299503851900166,"[14, 4]"
random,0.1,20,True,3,sqrt_length_over_gravity,6.289558887493296,0.015056524290744206,"[15, 14, 6]"
random,0.1,21,True,7,sqrt_length_over_gravity,6.29051516642684,0.008757137613849907,"[6, 11, 12, 9, 15, 14, 5]"
random,0.1,22,True,2,sqrt_length_over_gravity,6.608312798636724,0.009726410318160674,"[6, 8]"
random,0.1,23,True,2,sqrt_length_over_gravity,6.299824566472937,0.013721764604640127,"[8, 5]"
random,0.1,24,True,4,sqrt_length_over_gravity,6.481176761182292,0.022465882198506454,"[15, 10, 14, 6]"
random,0.1,25,True,2,sqrt_length_over_gravity,6.312272968705011,0.013177638143079679,"[10, 4]"
random,0.1,26,True,5,sqrt_length_over_gravity,6.373273670329145,0.005586619236362528,"[15, 7, 8, 12, 4]"
random,0.1,27,True,6,sqrt_length_over_gravity,6.352912079518256,0.007183841946647485,"[14, 11, 8, 9, 7, 4]"
random,0.1,28,True,1,sqrt_length_over_gravity,6.253382590056723,0.001514028780279519,[5]
random,0.1,29,True,2,sqrt_length_over_gravity,6.212043636573648,0.003922471193443513,"[12, 5]"
random,0.1,30,True,4,sqrt_length_over_gravity,6.330682547441728,0.0063968560671249135,"[12, 8, 15, 4]"
random,0.1,31,True,1,sqrt_length_over_gravity,6.257004378989899,0.006220714705813394,[4]
random,0.1,32,True,1,sqrt_length_over_gravity,6.36491540536634,0.011465234223209834,[5]
random,0.1,33,True,3,sqrt_length_over_gravity,6.114854816103917,0.007445441910734527,"[13, 6, 8]"
random,0.1,34,True,4,sqrt_length_over_gravity,6.316617132522296,0.011592342588166419,"[12, 9, 15, 4]"
random,0.1,35,True,3,sqrt_length_over_gravity,6.231876805172837,0.02209889827924306,"[12, 9, 6]"
random,0.1,36,True,2,sqrt_length_over_gravity,6.456637239391144,0.020971230623031065,"[9, 4]"
random,0.1,37,True,3,sqrt_length_over_gravity,6.105593648785931,0.0038436899450359223,"[14, 13, 5]"
random,0.1,38,True,4,sqrt_length_over_gravity,6.185205544535819,0.0011692745518685193,"[14, 10, 11, 5]"
random,0.1,39,True,4,sqrt_length_over_gravity,6.296931002874572,0.005765559818601632,"[7, 9, 12, 4]"
random,0.1,40,True,4,sqrt_length_over_gravity,6.334707504142327,0.010094851194032509,"[11, 14, 13, 4]"
random,0.1,41,True,10,sqrt_length_over_gravity,6.253706982600438,0.009806426448347462,"[10, 9, 7, 6, 14, 12, 15, 8, 11, 5]"
random,0.1,42,True,2,sqrt_length_over_gravity,6.283607194427848,0.0011441871527138616,"[14, 5]"
random,0.1,43,True,1,sqrt_length_over_gravity,6.462317303789666,0.0028182864330249286,[4]
random,0.1,44,True,4,sqrt_length_over_gravity,6.283414873552774,0.0028846542321411157,"[10, 13, 14, 5]"
random,0.1,45,True,5,sqrt_length_over_gravity,6.355994808423813,0.0019529625299125463,"[8, 11, 13, 9, 5]"
random,0.1,46,True,1,sqrt_length_over_gravity,6.093320544816254,0.005577559069779958,[5]
random,0.1,47,True,2,sqrt_length_over_gravity,6.20503059734911,0.004743071470095313,"[9, 5]"
random,0.1,48,True,8,sqrt_length_over_gravity,6.2875975851845425,0.0065470626032204556,"[12, 9, 6, 15, 10, 14, 11, 5]"
random,0.1,49,True,1,sqrt_length_over_gravity,6.503077023205663,0.0005194028865723123,[5]
random,0.1,50,True,2,sqrt_length_over_gravity,6.140754969913451,0.011136348840807497,"[11, 8]"
random,0.1,51,True,7,sqrt_length_over_gravity,6.448312276239735,0.006040796285896419,"[7, 13, 14, 6, 9, 15, 5]"
random,0.1,52,True,1,sqrt_length_over_gravity,6.233027391591653,0.0031501355456306744,[8]
random,0.1,53,True,8,sqrt_length_over_gravity,6.1935408027066865,0.011294131873385821,"[13, 7, 12, 15, 14, 10, 9, 6]"
random,0.1,54,True,6,sqrt_length_over_gravity,6.163815028482113,0.0056876961347411365,"[6, 12, 14, 9, 15, 8]"
random,0.1,55,True,1,sqrt_length_over_gravity,6.574572728034316,0.0057506526746074855,[5]
random,0.1,56,True,2,sqrt_length_over_gravity,6.250211910205646,0.006284156011421937,"[12, 4]"
random,0.1,57,True,1,sqrt_length_over_gravity,6.455947846770172,0.0022558334008659312,[4]
random,0.1,58,True,5,sqrt_length_over_gravity,6.170974079441275,0.008248749422866051,"[13, 7, 8, 9, 4]"
random,0.1,59,True,2,sqrt_length_over_gravity,6.436282575888103,0.00853961967167446,"[7, 5]"
random,0.1,60,True,4,sqrt_length_over_gravity,6.355323049922521,0.010348611185977161,"[8, 9, 15, 6]"
random,0.1,61,True,4,sqrt_length_over_gravity,6.224923549109779,0.007372710894685294,"[11, 6, 14, 8]"
random,0.1,62,True,3,sqrt_length_over_gravity,6.278232017536735,0.009137261752234541,"[13, 6, 5]"
random,0.1,63,True,7,sqrt_length_over_gravity,6.3713655397152165,0.005801689749523952,"[11, 12, 8, 9, 15, 13, 4]"
random,0.1,64,True,2,sqrt_length_over_gravity,6.319929853152402,0.031109598228786995,"[11, 5]"
random,0.1,65,True,2,sqrt_length_over_gravity,6.2272570963845615,0.006179202602287515,"[10, 8]"
random,0.1,66,True,1,sqrt_length_over_gravity,6.399995920265221,0.003227458891923128,[5]
random,0.1,67,True,2,sqrt_length_over_gravity,6.472728879796525,0.003623018269155847,"[5, 6]"
random,0.1,68,True,4,sqrt_length_over_gravity,6.228847765915022,0.017485810373303302,"[15, 11, 13, 5]"
random,0.1,69,True,2,sqrt_length_over_gravity,6.305458791683869,0.006214996494931841,"[14, 4]"
random,0.1,70,True,1,sqrt_length_over_gravity,6.256502140916519,0.0023399534270321857,[5]
random,0.1,71,True,4,sqrt_length_over_gravity,6.410931427647987,0.03141550717155011,"[9, 13, 15, 4]"
random,0.1,72,True,1,sqrt_length_over_gravity,6.43389042893075,0.002335389426587227,[5]
random,0.1,73,True,2,sqrt_length_over_gravity,6.1814679590282084,0.005481689530396946,"[8, 5]"
random,0.1,74,True,3,sqrt_length_over_gravity,6.3768811349973795,0.008457241631135553,"[13, 12, 5]"
random,0.1,75,True,5,sqrt_length_over_gravity,6.2737503450848475,0.010633623139230303,"[11, 14, 10, 13, 4]"
random,0.1,76,True,6,sqrt_length_over_gravity,6.351021687280946,0.0113317683417007,"[9, 12, 11, 7, 10, 4]"
random,0.1,77,True,7,sqrt_length_over_gravity,6.32787108797346,0.009007519591997585,"[8, 10, 7, 9, 11, 15, 4]"
random,0.1,78,True,2,sqrt_length_over_gravity,6.353467067807692,0.004812699704726743,"[7, 5]"
random,0.1,79,True,3,sqrt_length_over_gravity,6.3330437922475,0.002482644339527027,"[6, 12, 10]"
random,0.1,80,True,1,sqrt_length_over_gravity,6.170818057905076,0.017631572929957064,[8]
random,0.1,81,True,7,sqrt_length_over_gravity,6.148970043194259,0.0068117179017171976,"[12, 11, 9, 15, 13, 7, 4]"
random,0.1,82,True,3,sqrt_length_over_gravity,6.107643895249257,0.01444322591741682,"[6, 12, 14]"
random,0.1,83,True,3,sqrt_length_over_gravity,6.341024679120994,0.010826683740307678,"[11, 12, 5]"
random,0.1,84,True,3,sqrt_length_over_gravity,6.233228532636175,0.009072591215283537,"[15, 8, 4]"
random,0.1,85,True,3,sqrt_length_over_gravity,6.5540007455438625,0.001463642455181743,"[7, 14, 5]"
random,0.1,86,True,1,sqrt_length_over_gravity,6.274397344747491,0.0020524165389309945,[4]
random,0.1,87,True,4,sqrt_length_over_gravity,6.306447023565184,0.0049591533980642925,"[6, 8, 14, 5]"
random,0.1,88,True,4,sqrt_length_over_gravity,6.277963521617459,0.008002149358351054,"[10, 7, 11, 6]"
random,0.1,89,True,1,sqrt_length_over_gravity,6.4080528438360655,0.002483810372299026,[5]
random,0.1,90,True,2,sqrt_length_over_gravity,6.181752239980725,0.0029425537749630712,"[7, 5]"
random,0.1,91,True,1,sqrt_length_over_gravity,6.271284660509295,0.0017991249103131582,[5]
random,0.1,92,True,5,sqrt_length_over_gravity,6.092581777053467,0.011024049416723176,"[10, 13, 15, 14, 8]"
random,0.1,93,True,4,sqrt_length_over_gravity,6.276932709109078,0.004520087556591008,"[11, 14, 9, 5]"
random,0.1,94,True,2,sqrt_length_over_gravity,6.323290772811644,0.005257359539993051,"[12, 6]"
random,0.1,95,True,6,sqrt_length_over_gravity,6.323152528756931,0.003935529831793042,"[12, 13, 14, 6, 15, 4]"
random,0.1,96,True,5,sqrt_length_over_gravity,6.269854371057189,0.010110563035981027,"[9, 10, 12, 7, 5]"
random,0.1,97,True,4,sqrt_length_over_gravity,6.270196555022035,0.012464614774641142,"[7, 11, 10, 4]"
random,0.1,98,True,3,sqrt_length_over_gravity,6.25491666274672,0.01032876472031686,"[9, 14, 4]"
random,0.1,99,True,8,sqrt_length_over_gravity,6.235746304321813,0.00914603697917027,"[10, 11, 7, 6, 9, 5, 8, 4]"
greedy,0.1,0,True,1,sqrt_length_over_gravity,6.228192608514901,0.008002933692376521,[4]
greedy,0.1,1,True,1,sqrt_length_over_gravity,6.36082927363449,0.009700106779629989,[4]
greedy,0.1,2,True,1,sqrt_length_over_gravity,6.391993600042308,0.012905870205020856,[4]
greedy,0.1,3,True,1,sqrt_length_over_gravity,6.313989335845562,0.008374895297741488,[4]
greedy,0.1,4,True,1,sqrt_length_over_gravity,6.284613638255711,0.0013859548985563513,[4]
greedy,0.1,5,True,1,sqrt_length_over_gravity,6.122325768050632,0.01601068144368935,[4]
greedy,0.1,6,True,1,sqrt_length_over_gravity,6.170496906771179,0.0076742563170978315,[4]
greedy,0.1,7,True,1,sqrt_length_over_gravity,6.2585917183840385,0.001075875507186266,[4]
greedy,0.1,8,True,1,sqrt_length_over_gravity,6.550709521748794,0.008565261362820117,[4]
greedy,0.1,9,True,1,sqrt_length_over_gravity,6.440351792475206,0.007600939005615712,[4]
greedy,0.1,10,True,1,sqrt_length_over_gravity,6.1592690436957485,0.0009671388976650895,[4]
greedy,0.1,11,True,1,sqrt_length_over_gravity,6.30317523302241,0.007158088323284688,[4]
greedy,0.1,12,True,1,sqrt_length_over_gravity,6.1854590486919445,0.0042680290375631865,[4]
greedy,0.1,13,True,1,sqrt_length_over_gravity,6.1842651731761125,0.013339607558064018,[4]
greedy,0.1,14,True,1,sqrt_length_over_gravity,6.158762318279797,0.017147466162555833,[4]
greedy,0.1,15,True,1,sqrt_length_over_gravity,6.253081244629159,0.0007422359528361671,[4]
greedy,0.1,16,True,1,sqrt_length_over_gravity,6.239857196639729,0.0058687917321466575,[4]
greedy,0.1,17,True,1,sqrt_length_over_gravity,6.254393784939486,0.009765844272414816,[4]
greedy,0.1,18,True,1,sqrt_length_over_gravity,6.365716087932698,0.005192693864082676,[4]
greedy,0.1,19,True,1,sqrt_length_over_gravity,6.081435441115864,0.003345859017993139,[4]
greedy,0.1,20,True,2,sqrt_length_over_gravity,6.2138641857880135,0.013166160632968878,"[4, 5]"
greedy,0.1,21,True,1,sqrt_length_over_gravity,6.262259984197136,0.009027950519782136,[4]
greedy,0.1,22,True,1,sqrt_length_over_gravity,6.621943047576897,0.011394920858317182,[4]
greedy,0.1,23,True,1,sqrt_length_over_gravity,6.3397830568671045,0.014654117079382691,[4]
greedy,0.1,24,True,1,sqrt_length_over_gravity,6.479430796240274,0.033498043413795794,[4]
greedy,0.1,25,True,1,sqrt_length_over_gravity,6.282786592427789,0.014276267027254144,[4]
greedy,0.1,26,True,1,sqrt_length_over_gravity,6.35429582071464,0.004739985526967345,[4]
greedy,0.1,27,True,1,sqrt_length_over_gravity,6.23701465632755,0.006721255051555814,[4]
greedy,0.1,28,True,1,sqrt_length_over_gravity,6.252896236644117,0.001503055336548095,[4]
greedy,0.1,29,True,1,sqrt_length_over_gravity,6.238031721733415,0.0034278359972161132,[4]
greedy,0.1,30,True,1,sqrt_length_over_gravity,6.37375050139334,0.005412228487546059,[4]
greedy,0.1,31,True,1,sqrt_length_over_gravity,6.257004378989899,0.006220714705813394,[4]
greedy,0.1,32,True,1,sqrt_length_over_gravity,6.370307965177625,0.011248306318497913,[4]
greedy,0.1,33,True,1,sqrt_length_over_gravity,6.194360529710727,0.005090129438407812,[4]
greedy,0.1,34,True,1,sqrt_length_over_gravity,6.2234287144194,0.015157215800611263,[4]
greedy,0.1,35,True,1,sqrt_length_over_gravity,6.0896617629917085,0.009669395176913769,[4]
greedy,0.1,36,True,1,sqrt_length_over_gravity,6.478680343413634,0.02552482013184509,[4]
greedy,0.1,37,True,1,sqrt_length_over_gravity,6.075065494770647,0.0012759760818521208,[4]
greedy,0.1,38,True,1,sqrt_length_over_gravity,6.197969602549395,0.0017317218968630524,[4]
greedy,0.1,39,True,1,sqrt_length_over_gravity,6.409877983732637,0.0018284222306277345,[4]
greedy,0.1,40,True,1,sqrt_length_over_gravity,6.297527513448518,0.012132634126193694,[4]
greedy,0.1,41,True,1,sqrt_length_over_gravity,6.4734100336695715,0.006528191458003613,[4]
greedy,0.1,42,True,1,sqrt_length_over_gravity,6.2978706836970595,0.001347613699909404,[4]
greedy,0.1,43,True,1,sqrt_length_over_gravity,6.462317303789666,0.0028182864330249286,[4]
greedy,0.1,44,True,1,sqrt_length_over_gravity,6.276200241345267,0.004866596002978652,[4]
greedy,0.1,45,True,1,sqrt_length_over_gravity,6.412139838880856,0.002179832035783037,[4]
greedy,0.1,46,True,1,sqrt_length_over_gravity,6.095052723508865,0.005490381573246309,[4]
greedy,0.1,47,True,1,sqrt_length_over_gravity,6.23381591629504,0.004441923908712726,[4]
greedy,0.1,48,True,1,sqrt_length_over_gravity,6.19599157521978,0.0010273844377750648,[4]
greedy,0.1,49,True,1,sqrt_length_over_gravity,6.500508447320952,0.0004500991856138412,[4]
greedy,0.1,50,True,1,sqrt_length_over_gravity,6.181965841674193,0.0009424771284626854,[4]
greedy,0.1,51,True,1,sqrt_length_over_gravity,6.496389018607666,0.003251508914532261,[4]
greedy,0.1,52,True,1,sqrt_length_over_gravity,6.220934226821644,0.002833225500360145,[4]
greedy,0.1,53,True,1,sqrt_length_over_gravity,6.059189679594576,0.0074938702387460625,[4]
greedy,0.1,54,True,1,sqrt_length_over_gravity,6.1815224948527066,0.002027288806126415,[4]
greedy,0.1,55,True,1,sqrt_length_over_gravity,6.570820228556093,0.005668018132813525,[4]
greedy,0.1,56,True,1,sqrt_length_over_gravity,6.235375938359579,0.007361514267497271,[4]
greedy,0.1,57,True,1,sqrt_length_over_gravity,6.455947846770172,0.0022558334008659312,[4]
greedy,0.1,58,True,1,sqrt_length_over_gravity,6.02187562603442,0.002504726873842976,[4]
greedy,0.1,59,True,1,sqrt_length_over_gravity,6.405439154113703,0.010695577600255466,[4]
greedy,0.1,60,True,1,sqrt_length_over_gravity,6.394631171008796,0.010145226335784338,[4]
greedy,0.1,61,True,1,sqrt_length_over_gravity,6.216240381347647,0.0051282923452198,[4]
greedy,0.1,62,True,1,sqrt_length_over_gravity,6.347255817821779,0.0015109495073158232,[4]
greedy,0.1,63,True,1,sqrt_length_over_gravity,6.309543978353627,0.004917354275457326,[4]
greedy,0.1,64,True,1,sqrt_length_over_gravity,6.149665790085944,0.01413564424647416,[4]
greedy,0.1,65,True,1,sqrt_length_over_gravity,6.274144132708503,0.004613253097454653,[4]
greedy,0.1,66,True,1,sqrt_length_over_gravity,6.400648136942018,0.003116510318142163,[4]
greedy,0.1,67,True,1,sqrt_length_over_gravity,6.451401139647792,0.004439694526444364,[4]
greedy,0.1,68,True,1,sqrt_length_over_gravity,6.063139546647928,0.0166508878425876,[4]
greedy,0.1,69,True,1,sqrt_length_over_gravity,6.376681654949599,0.0034487824600837654,[4]
greedy,0.1,70,True,1,sqrt_length_over_gravity,6.257849664421801,0.002349354203183926,[4]
greedy,0.1,71,True,1,sqrt_length_over_gravity,6.550333195431139,0.011283160730015122,[4]
greedy,0.1,72,True,1,sqrt_length_over_gravity,6.429043294577446,0.0024798921549639722,[4]
greedy,0.1,73,True,1,sqrt_length_over_gravity,6.2149878557845035,0.005672098212011306,[4]
greedy,0.1,74,True,1,sqrt_length_over_gravity,6.325351482176201,0.003917634247968545,[4]
greedy,0.1,75,True,1,sqrt_length_over_gravity,6.4132559895979195,0.006874222303720339,[4]
greedy,0.1,76,True,1,sqrt_length_over_gravity,6.350299734255177,0.01588262825813353,[4]
greedy,0.1,77,True,1,sqrt_length_over_gravity,6.366018720470753,0.0092823966030056,[4]
greedy,0.1,78,True,1,sqrt_length_over_gravity,6.3528004098377355,0.0061162999707015464,[4]
greedy,0.1,79,True,1,sqrt_length_over_gravity,6.402270402160436,0.0008019886718471671,[4]
greedy,0.1,80,True,2,sqrt_length_over_gravity,6.132340389390131,0.01307704791110548,"[4, 5]"
greedy,0.1,81,True,1,sqrt_length_over_gravity,6.1425576705483165,0.0015955913776401671,[4]
greedy,0.1,82,True,1,sqrt_length_over_gravity,6.129562054602438,0.016118333068289102,[4]
greedy,0.1,83,True,1,sqrt_length_over_gravity,6.299246293198868,0.012043588408632446,[4]
greedy,0.1,84,True,1,sqrt_length_over_gravity,6.191019956843077,0.010639858324513064,[4]
greedy,0.1,85,True,1,sqrt_length_over_gravity,6.564934324574164,0.0011064034797254672,[4]
greedy,0.1,86,True,1,sqrt_length_over_gravity,6.274397344747491,0.0020524165389309945,[4]
greedy,0.1,87,True,1,sqrt_length_over_gravity,6.319343056204006,0.004682727841237475,[4]
greedy,0.1,88,True,1,sqrt_length_over_gravity,6.329649824226,0.00554183615434971,[4]
greedy,0.1,89,True,1,sqrt_length_over_gravity,6.404202294006793,0.00257522024870171,[4]
greedy,0.1,90,True,1,sqrt_length_over_gravity,6.188308566494982,0.0031459268877581797,[4]
greedy,0.1,91,True,1,sqrt_length_over_gravity,6.269537097313467,0.0017895946104185924,[4]
greedy,0.1,92,True,1,sqrt_length_over_gravity,6.134678325880148,0.004313902745249713,[4]
greedy,0.1,93,True,1,sqrt_length_over_gravity,6.20911152261685,0.004521273329853991,[4]
greedy,0.1,94,True,1,sqrt_length_over_gravity,6.295167983157656,0.003451445309243525,[4]
greedy,0.1,95,True,1,sqrt_length_over_gravity,6.338091205040779,0.006893463653647213,[4]
greedy,0.1,96,True,1,sqrt_length_over_gravity,6.264089037764607,0.01299224339577721,[4]
greedy,0.1,97,True,1,sqrt_length_over_gravity,6.341578179997838,0.016764696731853605,[4]
greedy,0.1,98,True,1,sqrt_length_over_gravity,6.293426674033984,0.009176217926197335,[4]
greedy,0.1,99,True,1,sqrt_length_over_gravity,6.338731627860883,0.0019438218986323145,[4]
disagreement,0.1,0,True,3,sqrt_length_over_gravity,6.24034216596522,0.007048237065453825,"[11, 12, 4]"
disagreement,0.1,1,True,3,sqrt_length_over_gravity,6.293403387250668,0.00921514064956897,"[11, 12, 4]"
disagreement,0.1,2,True,3,sqrt_length_over_gravity,6.321108200246581,0.014257679296538261,"[11, 12, 4]"
disagreement,0.1,3,True,3,sqrt_length_over_gravity,6.3114030413673765,0.005754576914226886,"[11, 12, 4]"
disagreement,0.1,4,True,3,sqrt_length_over_gravity,6.320222963453274,0.0023297137545102435,"[11, 12, 4]"
disagreement,0.1,5,True,3,sqrt_length_over_gravity,6.066107079638304,0.012031860032508552,"[11, 12, 4]"
disagreement,0.1,6,True,3,sqrt_length_over_gravity,6.2443422850953345,0.010050460196879211,"[11, 12, 4]"
disagreement,0.1,7,True,3,sqrt_length_over_gravity,6.2395119812134086,0.0018874535053090516,"[11, 12, 4]"
disagreement,0.1,8,True,3,sqrt_length_over_gravity,6.486779011162924,0.00669139835690782,"[11, 12, 4]"
disagreement,0.1,9,True,3,sqrt_length_over_gravity,6.4309499816309135,0.005728010292722757,"[11, 12, 4]"
disagreement,0.1,10,True,3,sqrt_length_over_gravity,6.163656581823765,0.005231419742749169,"[11, 12, 4]"
disagreement,0.1,11,True,3,sqrt_length_over_gravity,6.258682301553725,0.007640709511052539,"[11, 12, 4]"
disagreement,0.1,12,True,3,sqrt_length_over_gravity,6.233740522818799,0.005103980842055404,"[11, 12, 4]"
disagreement,0.1,13,True,3,sqrt_length_over_gravity,6.210120514725871,0.009844675161783034,"[11, 12, 4]"
disagreement,0.1,14,True,3,sqrt_length_over_gravity,6.188115601810022,0.012407529130422314,"[11, 12, 4]"
disagreement,0.1,15,True,3,sqrt_length_over_gravity,6.254966584501576,0.0004914287752579627,"[11, 12, 4]"
disagreement,0.1,16,True,3,sqrt_length_over_gravity,6.273613112494623,0.007709212956556755,"[11, 12, 4]"
disagreement,0.1,17,True,3,sqrt_length_over_gravity,6.217122549205706,0.009704633097746966,"[11, 12, 4]"
disagreement,0.1,18,True,3,sqrt_length_over_gravity,6.326934481629994,0.006189162186639411,"[11, 12, 4]"
disagreement,0.1,19,True,3,sqrt_length_over_gravity,6.181676388317092,0.02437729785820285,"[11, 12, 4]"
disagreement,0.1,20,True,3,sqrt_length_over_gravity,6.230515304937281,0.014443826488783678,"[11, 12, 4]"
disagreement,0.1,21,True,3,sqrt_length_over_gravity,6.310659162516075,0.011151213003013983,"[11, 12, 4]"
disagreement,0.1,22,True,3,sqrt_length_over_gravity,6.509940722597204,0.011436326819802826,"[11, 12, 4]"
disagreement,0.1,23,True,3,sqrt_length_over_gravity,6.277795838652696,0.012015808840358091,"[11, 12, 4]"
disagreement,0.1,24,True,3,sqrt_length_over_gravity,6.522856343035715,0.018213535889581797,"[11, 12, 4]"
disagreement,0.1,25,True,3,sqrt_length_over_gravity,6.255070179910456,0.012714037983960971,"[11, 12, 4]"
disagreement,0.1,26,True,3,sqrt_length_over_gravity,6.4000035631906345,0.005762534726668171,"[11, 12, 4]"
disagreement,0.1,27,True,3,sqrt_length_over_gravity,6.303852412554592,0.01045781971503225,"[11, 12, 4]"
disagreement,0.1,28,True,3,sqrt_length_over_gravity,6.295240730023992,0.003167958602683737,"[11, 12, 4]"
disagreement,0.1,29,True,3,sqrt_length_over_gravity,6.224083761016397,0.003174578939513818,"[11, 12, 4]"
disagreement,0.1,30,True,3,sqrt_length_over_gravity,6.368076631854905,0.0040553320139673455,"[11, 12, 4]"
disagreement,0.1,31,True,3,sqrt_length_over_gravity,6.306270154702608,0.004514742940492103,"[11, 12, 4]"
disagreement,0.1,32,True,3,sqrt_length_over_gravity,6.354376131147078,0.011598547346400236,"[11, 12, 4]"
disagreement,0.1,33,True,3,sqrt_length_over_gravity,6.141888590450086,0.007343826213775377,"[11, 12, 4]"
disagreement,0.1,34,True,3,sqrt_length_over_gravity,6.200032071621417,0.010537165211469924,"[11, 12, 4]"
disagreement,0.1,35,True,3,sqrt_length_over_gravity,6.1923594072025585,0.020693016950497953,"[11, 12, 4]"
disagreement,0.1,36,True,4,sqrt_length_over_gravity,6.363267826191918,0.026237621948161895,"[11, 12, 4, 5]"
disagreement,0.1,37,True,3,sqrt_length_over_gravity,6.111286126143221,0.002287103458181981,"[11, 12, 4]"
disagreement,0.1,38,True,3,sqrt_length_over_gravity,6.192064405393725,0.0018098726567678046,"[11, 12, 4]"
disagreement,0.1,39,True,3,sqrt_length_over_gravity,6.339095482684501,0.006063171849397052,"[11, 12, 4]"
disagreement,0.1,40,True,3,sqrt_length_over_gravity,6.308705900993535,0.011608406760063238,"[11, 12, 4]"
disagreement,0.1,41,True,3,sqrt_length_over_gravity,6.392704465474572,0.01027463722207386,"[11, 12, 4]"
disagreement,0.1,42,True,3,sqrt_length_over_gravity,6.259941213909682,0.0045697246173465,"[11, 12, 4]"
disagreement,0.1,43,True,3,sqrt_length_over_gravity,6.345476757464448,0.01042461337786916,"[11, 12, 4]"
disagreement,0.1,44,True,3,sqrt_length_over_gravity,6.276230596718255,0.003338362529889041,"[11, 12, 4]"
disagreement,0.1,45,True,3,sqrt_length_over_gravity,6.372611105540757,0.001862694900815521,"[11, 12, 4]"
disagreement,0.1,46,True,3,sqrt_length_over_gravity,6.18902746793786,0.008689870304562886,"[11, 12, 4]"
disagreement,0.1,47,True,3,sqrt_length_over_gravity,6.241341001110579,0.004547585013908518,"[11, 12, 4]"
disagreement,0.1,48,True,3,sqrt_length_over_gravity,6.2163716656148855,0.0013885336750854447,"[11, 12, 4]"
disagreement,0.1,49,True,3,sqrt_length_over_gravity,6.42784843179514,0.00192614217910926,"[11, 12, 4]"
disagreement,0.1,50,True,3,sqrt_length_over_gravity,6.180898001768863,0.011348560886578459,"[11, 12, 4]"
disagreement,0.1,51,True,3,sqrt_length_over_gravity,6.48404145218621,0.0017400906360272494,"[11, 12, 4]"
disagreement,0.1,52,True,3,sqrt_length_over_gravity,6.225983762176668,0.003402366025739281,"[11, 12, 4]"
disagreement,0.1,53,True,3,sqrt_length_over_gravity,6.167304660785119,0.010958052146444477,"[11, 12, 4]"
disagreement,0.1,54,True,3,sqrt_length_over_gravity,6.2233913601947926,0.00348986172392165,"[11, 12, 4]"
disagreement,0.1,55,True,4,sqrt_length_over_gravity,6.429334717840424,0.011971544475446896,"[11, 12, 4, 5]"
disagreement,0.1,56,True,4,sqrt_length_over_gravity,6.169113632251879,0.015069327335985433,"[11, 12, 4, 5]"
disagreement,0.1,57,True,3,sqrt_length_over_gravity,6.397047723158379,0.003625111866764579,"[11, 12, 4]"
disagreement,0.1,58,True,3,sqrt_length_over_gravity,6.114629668310723,0.006176135032894006,"[11, 12, 4]"
disagreement,0.1,59,True,3,sqrt_length_over_gravity,6.328286018804432,0.012792079593499388,"[11, 12, 4]"
disagreement,0.1,60,True,3,sqrt_length_over_gravity,6.380001190542168,0.007630330330195656,"[11, 12, 4]"
disagreement,0.1,61,True,3,sqrt_length_over_gravity,6.256704608649817,0.007781880266348677,"[11, 12, 4]"
disagreement,0.1,62,True,3,sqrt_length_over_gravity,6.296511991592531,0.009101642198222576,"[11, 12, 4]"
disagreement,0.1,63,True,3,sqrt_length_over_gravity,6.334730060176076,0.007395883688185347,"[11, 12, 4]"
disagreement,0.1,64,True,3,sqrt_length_over_gravity,6.293929228407211,0.026346851849278475,"[11, 12, 4]"
disagreement,0.1,65,True,3,sqrt_length_over_gravity,6.229525700665935,0.005114591248813769,"[11, 12, 4]"
disagreement,0.1,66,True,3,sqrt_length_over_gravity,6.43555533870827,0.005275754899965461,"[11, 12, 4]"
disagreement,0.1,67,True,3,sqrt_length_over_gravity,6.3826752786221235,0.00629202284054933,"[11, 12, 4]"
disagreement,0.1,68,True,3,sqrt_length_over_gravity,6.148200735171078,0.01620515805148429,"[11, 12, 4]"
disagreement,0.1,69,True,3,sqrt_length_over_gravity,6.406565348340211,0.00823830022057879,"[11, 12, 4]"
disagreement,0.1,70,True,3,sqrt_length_over_gravity,6.280795712780171,0.002208216433614791,"[11, 12, 4]"
disagreement,0.1,71,False,3,sqrt_length,2.0865031033678916,0.016124059085277562,"[11, 12, 4]"
disagreement,0.1,72,True,3,sqrt_length_over_gravity,6.3428142285256035,0.005182586333733803,"[11, 12, 4]"
disagreement,0.1,73,True,3,sqrt_length_over_gravity,6.198655275247085,0.0050166111683821665,"[11, 12, 4]"
disagreement,0.1,74,True,3,sqrt_length_over_gravity,6.360767613497772,0.008441697485956934,"[11, 12, 4]"
disagreement,0.1,75,True,3,sqrt_length_over_gravity,6.3169510248443075,0.010227164896544447,"[11, 12, 4]"
disagreement,0.1,76,True,3,sqrt_length_over_gravity,6.340664472624918,0.0113384122549538,"[11, 12, 4]"
disagreement,0.1,77,True,3,sqrt_length_over_gravity,6.411033992372172,0.00558644398125718,"[11, 12, 4]"
disagreement,0.1,78,True,3,sqrt_length_over_gravity,6.338090273859087,0.005892493619583356,"[11, 12, 4]"
disagreement,0.1,79,True,3,sqrt_length_over_gravity,6.347038521579037,0.002025790653536155,"[11, 12, 4]"
disagreement,0.1,80,True,3,sqrt_length_over_gravity,6.160887561599281,0.01241574722922558,"[11, 12, 4]"
disagreement,0.1,81,True,3,sqrt_length_over_gravity,6.182972313089485,0.0019667300224182707,"[11, 12, 4]"
disagreement,0.1,82,True,3,sqrt_length_over_gravity,6.153429409849044,0.015254454086992934,"[11, 12, 4]"
disagreement,0.1,83,True,3,sqrt_length_over_gravity,6.340992194266336,0.010814246715617806,"[11, 12, 4]"
disagreement,0.1,84,True,3,sqrt_length_over_gravity,6.2437654564781075,0.009126611072442595,"[11, 12, 4]"
disagreement,0.1,85,True,3,sqrt_length_over_gravity,6.5162105268348265,0.0009785973702063542,"[11, 12, 4]"
disagreement,0.1,86,True,3,sqrt_length_over_gravity,6.268344148972207,0.0015698986278747191,"[11, 12, 4]"
disagreement,0.1,87,True,3,sqrt_length_over_gravity,6.30418756667817,0.004555036704734212,"[11, 12, 4]"
disagreement,0.1,88,True,3,sqrt_length_over_gravity,6.258246934075567,0.007812888460147233,"[11, 12, 4]"
disagreement,0.1,89,True,3,sqrt_length_over_gravity,6.34520858731992,0.003298094110871686,"[11, 12, 4]"
disagreement,0.1,90,True,3,sqrt_length_over_gravity,6.170659483391943,0.0019001920914811538,"[11, 12, 4]"
disagreement,0.1,91,True,3,sqrt_length_over_gravity,6.2752912262693,0.007403333101187466,"[11, 12, 4]"
disagreement,0.1,92,True,3,sqrt_length_over_gravity,6.124216795485001,0.011455716223250275,"[11, 12, 4]"
disagreement,0.1,93,True,3,sqrt_length_over_gravity,6.262216244755544,0.005091442036844264,"[11, 12, 4]"
disagreement,0.1,94,True,3,sqrt_length_over_gravity,6.337434535414879,0.003961323674300431,"[11, 12, 4]"
disagreement,0.1,95,True,3,sqrt_length_over_gravity,6.3164102657521655,0.0051981318491800535,"[11, 12, 4]"
disagreement,0.1,96,True,3,sqrt_length_over_gravity,6.246436100529858,0.013147633867814848,"[11, 12, 4]"
disagreement,0.1,97,True,3,sqrt_length_over_gravity,6.316850545746486,0.014212950726551196,"[11, 12, 4]"
disagreement,0.1,98,True,3,sqrt_length_over_gravity,6.276867563277726,0.01046424437518585,"[11, 12, 4]"
disagreement,0.1,99,True,3,sqrt_length_over_gravity,6.308679309726036,0.002515122215250579,"[11, 12, 4]"
information_gain,0.1,0,True,1,sqrt_length_over_gravity,6.228192608514901,0.008002933692376521,[4]
information_gain,0.1,1,True,1,sqrt_length_over_gravity,6.36082927363449,0.009700106779629989,[4]
information_gain,0.1,2,True,1,sqrt_length_over_gravity,6.391993600042308,0.012905870205020856,[4]
information_gain,0.1,3,True,1,sqrt_length_over_gravity,6.313989335845562,0.008374895297741488,[4]
information_gain,0.1,4,True,1,sqrt_length_over_gravity,6.284613638255711,0.0013859548985563513,[4]
information_gain,0.1,5,True,1,sqrt_length_over_gravity,6.122325768050632,0.01601068144368935,[4]
information_gain,0.1,6,True,1,sqrt_length_over_gravity,6.170496906771179,0.0076742563170978315,[4]
information_gain,0.1,7,True,1,sqrt_length_over_gravity,6.2585917183840385,0.001075875507186266,[4]
information_gain,0.1,8,True,1,sqrt_length_over_gravity,6.550709521748794,0.008565261362820117,[4]
information_gain,0.1,9,True,1,sqrt_length_over_gravity,6.440351792475206,0.007600939005615712,[4]
information_gain,0.1,10,True,1,sqrt_length_over_gravity,6.1592690436957485,0.0009671388976650895,[4]
information_gain,0.1,11,True,1,sqrt_length_over_gravity,6.30317523302241,0.007158088323284688,[4]
information_gain,0.1,12,True,1,sqrt_length_over_gravity,6.1854590486919445,0.0042680290375631865,[4]
information_gain,0.1,13,True,1,sqrt_length_over_gravity,6.1842651731761125,0.013339607558064018,[4]
information_gain,0.1,14,True,1,sqrt_length_over_gravity,6.158762318279797,0.017147466162555833,[4]
information_gain,0.1,15,True,1,sqrt_length_over_gravity,6.253081244629159,0.0007422359528361671,[4]
information_gain,0.1,16,True,1,sqrt_length_over_gravity,6.239857196639729,0.0058687917321466575,[4]
information_gain,0.1,17,True,1,sqrt_length_over_gravity,6.254393784939486,0.009765844272414816,[4]
information_gain,0.1,18,True,1,sqrt_length_over_gravity,6.365716087932698,0.005192693864082676,[4]
information_gain,0.1,19,True,1,sqrt_length_over_gravity,6.081435441115864,0.003345859017993139,[4]
information_gain,0.1,20,True,2,sqrt_length_over_gravity,6.209984043664003,0.013128071503534192,"[4, 8]"
information_gain,0.1,21,True,1,sqrt_length_over_gravity,6.262259984197136,0.009027950519782136,[4]
information_gain,0.1,22,True,1,sqrt_length_over_gravity,6.621943047576897,0.011394920858317182,[4]
information_gain,0.1,23,True,1,sqrt_length_over_gravity,6.3397830568671045,0.014654117079382691,[4]
information_gain,0.1,24,True,1,sqrt_length_over_gravity,6.479430796240274,0.033498043413795794,[4]
information_gain,0.1,25,True,1,sqrt_length_over_gravity,6.282786592427789,0.014276267027254144,[4]
information_gain,0.1,26,True,1,sqrt_length_over_gravity,6.35429582071464,0.004739985526967345,[4]
information_gain,0.1,27,True,1,sqrt_length_over_gravity,6.23701465632755,0.006721255051555814,[4]
information_gain,0.1,28,True,1,sqrt_length_over_gravity,6.252896236644117,0.001503055336548095,[4]
information_gain,0.1,29,True,1,sqrt_length_over_gravity,6.238031721733415,0.0034278359972161132,[4]
information_gain,0.1,30,True,1,sqrt_length_over_gravity,6.37375050139334,0.005412228487546059,[4]
information_gain,0.1,31,True,1,sqrt_length_over_gravity,6.257004378989899,0.006220714705813394,[4]
information_gain,0.1,32,True,1,sqrt_length_over_gravity,6.370307965177625,0.011248306318497913,[4]
information_gain,0.1,33,True,1,sqrt_length_over_gravity,6.194360529710727,0.005090129438407812,[4]
information_gain,0.1,34,True,1,sqrt_length_over_gravity,6.2234287144194,0.015157215800611263,[4]
information_gain,0.1,35,True,1,sqrt_length_over_gravity,6.0896617629917085,0.009669395176913769,[4]
information_gain,0.1,36,True,1,sqrt_length_over_gravity,6.478680343413634,0.02552482013184509,[4]
information_gain,0.1,37,True,1,sqrt_length_over_gravity,6.075065494770647,0.0012759760818521208,[4]
information_gain,0.1,38,True,1,sqrt_length_over_gravity,6.197969602549395,0.0017317218968630524,[4]
information_gain,0.1,39,True,1,sqrt_length_over_gravity,6.409877983732637,0.0018284222306277345,[4]
information_gain,0.1,40,True,1,sqrt_length_over_gravity,6.297527513448518,0.012132634126193694,[4]
information_gain,0.1,41,True,1,sqrt_length_over_gravity,6.4734100336695715,0.006528191458003613,[4]
information_gain,0.1,42,True,1,sqrt_length_over_gravity,6.2978706836970595,0.001347613699909404,[4]
information_gain,0.1,43,True,1,sqrt_length_over_gravity,6.462317303789666,0.0028182864330249286,[4]
information_gain,0.1,44,True,1,sqrt_length_over_gravity,6.276200241345267,0.004866596002978652,[4]
information_gain,0.1,45,True,1,sqrt_length_over_gravity,6.412139838880856,0.002179832035783037,[4]
information_gain,0.1,46,True,1,sqrt_length_over_gravity,6.095052723508865,0.005490381573246309,[4]
information_gain,0.1,47,True,1,sqrt_length_over_gravity,6.23381591629504,0.004441923908712726,[4]
information_gain,0.1,48,True,1,sqrt_length_over_gravity,6.19599157521978,0.0010273844377750648,[4]
information_gain,0.1,49,True,1,sqrt_length_over_gravity,6.500508447320952,0.0004500991856138412,[4]
information_gain,0.1,50,True,1,sqrt_length_over_gravity,6.181965841674193,0.0009424771284626854,[4]
information_gain,0.1,51,True,1,sqrt_length_over_gravity,6.496389018607666,0.003251508914532261,[4]
information_gain,0.1,52,True,1,sqrt_length_over_gravity,6.220934226821644,0.002833225500360145,[4]
information_gain,0.1,53,True,1,sqrt_length_over_gravity,6.059189679594576,0.0074938702387460625,[4]
information_gain,0.1,54,True,1,sqrt_length_over_gravity,6.1815224948527066,0.002027288806126415,[4]
information_gain,0.1,55,True,1,sqrt_length_over_gravity,6.570820228556093,0.005668018132813525,[4]
information_gain,0.1,56,True,1,sqrt_length_over_gravity,6.235375938359579,0.007361514267497271,[4]
information_gain,0.1,57,True,1,sqrt_length_over_gravity,6.455947846770172,0.0022558334008659312,[4]
information_gain,0.1,58,True,1,sqrt_length_over_gravity,6.02187562603442,0.002504726873842976,[4]
information_gain,0.1,59,True,1,sqrt_length_over_gravity,6.405439154113703,0.010695577600255466,[4]
information_gain,0.1,60,True,1,sqrt_length_over_gravity,6.394631171008796,0.010145226335784338,[4]
information_gain,0.1,61,True,1,sqrt_length_over_gravity,6.216240381347647,0.0051282923452198,[4]
information_gain,0.1,62,True,1,sqrt_length_over_gravity,6.347255817821779,0.0015109495073158232,[4]
information_gain,0.1,63,True,1,sqrt_length_over_gravity,6.309543978353627,0.004917354275457326,[4]
information_gain,0.1,64,True,1,sqrt_length_over_gravity,6.149665790085944,0.01413564424647416,[4]
information_gain,0.1,65,True,1,sqrt_length_over_gravity,6.274144132708503,0.004613253097454653,[4]
information_gain,0.1,66,True,1,sqrt_length_over_gravity,6.400648136942018,0.003116510318142163,[4]
information_gain,0.1,67,True,1,sqrt_length_over_gravity,6.451401139647792,0.004439694526444364,[4]
information_gain,0.1,68,True,1,sqrt_length_over_gravity,6.063139546647928,0.0166508878425876,[4]
information_gain,0.1,69,True,1,sqrt_length_over_gravity,6.376681654949599,0.0034487824600837654,[4]
information_gain,0.1,70,True,1,sqrt_length_over_gravity,6.257849664421801,0.002349354203183926,[4]
information_gain,0.1,71,True,1,sqrt_length_over_gravity,6.550333195431139,0.011283160730015122,[4]
information_gain,0.1,72,True,1,sqrt_length_over_gravity,6.429043294577446,0.0024798921549639722,[4]
information_gain,0.1,73,True,1,sqrt_length_over_gravity,6.2149878557845035,0.005672098212011306,[4]
information_gain,0.1,74,True,1,sqrt_length_over_gravity,6.325351482176201,0.003917634247968545,[4]
information_gain,0.1,75,True,1,sqrt_length_over_gravity,6.4132559895979195,0.006874222303720339,[4]
information_gain,0.1,76,True,1,sqrt_length_over_gravity,6.350299734255177,0.01588262825813353,[4]
information_gain,0.1,77,True,1,sqrt_length_over_gravity,6.366018720470753,0.0092823966030056,[4]
information_gain,0.1,78,True,1,sqrt_length_over_gravity,6.3528004098377355,0.0061162999707015464,[4]
information_gain,0.1,79,True,1,sqrt_length_over_gravity,6.402270402160436,0.0008019886718471671,[4]
information_gain,0.1,80,True,2,sqrt_length_over_gravity,6.130617011228358,0.01325782355325229,"[4, 8]"
information_gain,0.1,81,True,1,sqrt_length_over_gravity,6.1425576705483165,0.0015955913776401671,[4]
information_gain,0.1,82,True,1,sqrt_length_over_gravity,6.129562054602438,0.016118333068289102,[4]
information_gain,0.1,83,True,1,sqrt_length_over_gravity,6.299246293198868,0.012043588408632446,[4]
information_gain,0.1,84,True,1,sqrt_length_over_gravity,6.191019956843077,0.010639858324513064,[4]
information_gain,0.1,85,True,1,sqrt_length_over_gravity,6.564934324574164,0.0011064034797254672,[4]
information_gain,0.1,86,True,1,sqrt_length_over_gravity,6.274397344747491,0.0020524165389309945,[4]
information_gain,0.1,87,True,1,sqrt_length_over_gravity,6.319343056204006,0.004682727841237475,[4]
information_gain,0.1,88,True,1,sqrt_length_over_gravity,6.329649824226,0.00554183615434971,[4]
information_gain,0.1,89,True,1,sqrt_length_over_gravity,6.404202294006793,0.00257522024870171,[4]
information_gain,0.1,90,True,1,sqrt_length_over_gravity,6.188308566494982,0.0031459268877581797,[4]
information_gain,0.1,91,True,1,sqrt_length_over_gravity,6.269537097313467,0.0017895946104185924,[4]
information_gain,0.1,92,True,1,sqrt_length_over_gravity,6.134678325880148,0.004313902745249713,[4]
information_gain,0.1,93,True,1,sqrt_length_over_gravity,6.20911152261685,0.004521273329853991,[4]
information_gain,0.1,94,True,1,sqrt_length_over_gravity,6.295167983157656,0.003451445309243525,[4]
information_gain,0.1,95,True,1,sqrt_length_over_gravity,6.338091205040779,0.006893463653647213,[4]
information_gain,0.1,96,True,1,sqrt_length_over_gravity,6.264089037764607,0.01299224339577721,[4]
information_gain,0.1,97,True,1,sqrt_length_over_gravity,6.341578179997838,0.016764696731853605,[4]
information_gain,0.1,98,True,1,sqrt_length_over_gravity,6.293426674033984,0.009176217926197335,[4]
information_gain,0.1,99,True,1,sqrt_length_over_gravity,6.338731627860883,0.0019438218986323145,[4]
random,0.25,0,True,6,sqrt_length_over_gravity,6.069898093074236,0.03797102293181554,"[10, 11, 4, 9, 15, 8]"
random,0.25,1,True,10,sqrt_length_over_gravity,6.2137845875402276,0.04646850668986821,"[6, 14, 5, 10, 7, 11, 12, 13, 15, 4]"
random,0.25,2,True,3,sqrt_length_over_gravity,6.4607997991116,0.08586625370409547,"[4, 6, 7]"
random,0.25,3,True,9,sqrt_length_over_gravity,6.435053112438159,0.04239790368172485,"[7, 14, 13, 6, 11, 10, 9, 15, 4]"
random,0.25,4,True,8,sqrt_length_over_gravity,6.3253747833774225,0.03337669895080171,"[7, 9, 5, 13, 15, 6, 4, 8]"
random,0.25,5,True,5,sqrt_length_over_gravity,5.93634176931676,0.09486254315407516,"[13, 8, 10, 15, 4]"
random,0.25,6,True,2,sqrt_length_over_gravity,6.187955594719019,0.07635012690562566,"[13, 5]"
random,0.25,7,True,4,sqrt_length_over_gravity,6.255539074740727,0.023304049300560774,"[9, 6, 12, 4]"
random,0.25,8,False,10,sqrt_length,2.1235311718504866,0.04370046554253315,"[7, 10, 12, 6, 9, 14, 4, 5, 11, 8]"
random,0.25,9,True,10,sqrt_length_over_gravity,6.48763255713256,0.03859643593130825,"[11, 14, 9, 8, 6, 5, 15, 4, 12, 13]"
random,0.25,10,True,2,sqrt_length_over_gravity,6.101044084949842,0.020444786969224603,"[13, 4]"
random,0.25,11,True,10,sqrt_length_over_gravity,6.282060826358867,0.059253420343041194,"[11, 13, 12, 14, 7, 5, 10, 9, 6, 4]"
random,0.25,12,True,10,sqrt_length_over_gravity,6.1626975486586275,0.05099253068159486,"[11, 8, 14, 10, 6, 9, 4, 12, 15, 7]"
random,0.25,13,True,10,sqrt_length_over_gravity,6.217339944004813,0.037560252664735255,"[8, 9, 6, 10, 7, 15, 5, 11, 12, 4]"
random,0.25,14,True,9,sqrt_length_over_gravity,6.0937623410187465,0.07835551613443846,"[5, 14, 13, 8, 10, 12, 7, 9, 4]"
random,0.25,15,True,2,sqrt_length_over_gravity,6.254271453326246,0.00486927363254353,"[7, 4]"
random,0.25,16,True,8,sqrt_length_over_gravity,6.32894810796089,0.04200487961502569,"[9, 12, 13, 8, 14, 5, 10, 4]"
random,0.25,17,True,6,sqrt_length_over_gravity,6.211295453515391,0.051561395498234276,"[12, 10, 8, 11, 9, 5]"
random,0.25,18,True,10,sqrt_length_over_gravity,6.1591194384180294,0.03188543659096122,"[6, 5, 13, 11, 9, 7, 12, 14, 8, 10]"
random,0.25,19,False,9,sqrt_length,1.9993386389788996,0.05491530518762509,"[14, 4, 13, 6, 9, 10, 8, 15, 11]"
random,0.25,20,True,10,sqrt_length_over_gravity,6.32895307292705,0.11600686020776299,"[15, 14, 6, 9, 5, 13, 8, 12, 7, 4]"
random,0.25,21,True,10,sqrt_length_over_gravity,6.343784611920542,0.04645388435166187,"[6, 11, 12, 9, 15, 14, 5, 10, 7, 13]"
random,0.25,22,True,9,sqrt_length_over_gravity,6.620091497130103,0.06250626781160286,"[6, 8, 4, 14, 9, 13, 5, 11, 7]"
random,0.25,23,True,10,sqrt_length_over_gravity,6.344857094765731,0.04764506832550948,"[8, 5, 4, 11, 14, 10, 13, 9, 7, 15]"
random,0.25,24,True,10,sqrt_length_over_gravity,6.535993363351877,0.13567669431407545,"[15, 10, 14, 6, 8, 5, 7, 9, 4, 13]"
random,0.25,25,True,2,sqrt_length_over_gravity,6.355904460993151,0.082360238394248,"[10, 4]"
random,0.25,26,True,10,sqrt_length_over_gravity,6.145560650510955,0.06376661151756594,"[15, 7, 8, 12, 4, 6, 11, 5, 10, 14]"
random,0.25,27,True,10,sqrt_length_over_gravity,6.509696687046915,0.053509501843500444,"[14, 11, 8, 9, 7, 4, 5, 12, 13, 10]"
random,0.25,28,True,10,sqrt_length_over_gravity,6.3749162191150575,0.03263076826886714,"[5, 7, 14, 8, 10, 6, 15, 12, 13, 4]"
random,0.25,29,True,10,sqrt_length_over_gravity,6.282611865835397,0.060079154630512374,"[12, 5, 10, 9, 6, 13, 8, 14, 15, 4]"
random,0.25,30,False,10,sqrt_length,2.1257260673415614,0.06442202890764358,"[12, 8, 15, 4, 9, 7, 5, 13, 14, 11]"
random,0.25,31,True,1,sqrt_length_over_gravity,6.217732986705369,0.03887946691133383,[4]
random,0.25,32,True,1,sqrt_length_over_gravity,6.4875105526464685,0.07165771389506156,[5]
random,0.25,33,True,10,sqrt_length_over_gravity,5.889166884735516,0.055377616807588015,"[13, 6, 8, 10, 15, 12, 11, 14, 5, 9]"
random,0.25,34,True,4,sqrt_length_over_gravity,6.366764870536362,0.07245214117604008,"[12, 9, 15, 4]"
random,0.25,35,True,9,sqrt_length_over_gravity,6.038430490635305,0.10583735548966745,"[12, 9, 6, 11, 7, 8, 13, 10, 4]"
random,0.25,36,True,10,sqrt_length_over_gravity,6.444235838374043,0.11622245337992633,"[9, 4, 5, 11, 7, 6, 14, 10, 12, 13]"
random,0.25,37,True,10,sqrt_length_over_gravity,5.919855522299222,0.016782257362730778,"[14, 13, 5, 15, 4, 11, 8, 10, 6, 12]"
random,0.25,38,False,10,sqrt_length,1.9784414052267463,0.0371228765193516,"[14, 10, 11, 5, 6, 8, 15, 12, 9, 4]"
random,0.25,39,True,9,sqrt_length_over_gravity,6.552950354005672,0.05404375591992291,"[7, 9, 12, 4, 10, 6, 13, 15, 5]"
random,0.25,40,True,4,sqrt_length_over_gravity,6.411990799586437,0.0630928199627032,"[11, 14, 13, 4]"
random,0.25,41,True,10,sqrt_length_over_gravity,6.209489495731717,0.06129016530217164,"[10, 9, 7, 6, 14, 12, 15, 8, 11, 5]"
random,0.25,42,True,10,sqrt_length_over_gravity,6.338777542727845,0.022954506302712622,"[14, 5, 4, 10, 9, 7, 8, 6, 11, 15]"
random,0.25,43,True,2,sqrt_length_over_gravity,6.541647783335229,0.04098216976971096,"[4, 9]"
random,0.25,44,True,9,sqrt_length_over_gravity,6.4669478374742395,0.02373247406368544,"[10, 13, 14, 5, 7, 9, 6, 11, 4]"
random,0.25,45,True,8,sqrt_length_over_gravity,6.55519901646384,0.024968479686141822,"[8, 11, 13, 9, 5, 7, 10, 4]"
random,0.25,46,True,3,sqrt_length_over_gravity,6.138208352374577,0.06166466834789752,"[5, 11, 4]"
random,0.25,47,False,10,sqrt_length,2.0375527080506792,0.05322409237605819,"[9, 5, 12, 15, 14, 10, 7, 8, 13, 6]"
random,0.25,48,True,10,sqrt_length_over_gravity,6.332882090933201,0.0383979225476161,"[12, 9, 6, 15, 10, 14, 11, 5, 13, 4]"
random,0.25,49,True,4,sqrt_length_over_gravity,6.694122392777711,0.027455714205621935,"[5, 10, 12, 6]"
random,0.25,50,True,8,sqrt_length_over_gravity,6.181602541658599,0.056486873948547074,"[11, 8, 10, 7, 15, 14, 6, 4]"
random,0.25,51,True,10,sqrt_length_over_gravity,6.50167297886234,0.05412314220024205,"[7, 13, 14, 6, 9, 15, 5, 12, 10, 8]"
random,0.25,52,True,2,sqrt_length_over_gravity,6.295088332963996,0.029295733805365293,"[8, 4]"
random,0.25,53,True,10,sqrt_length_over_gravity,6.348515997407399,0.10816324526003519,"[13, 7, 12, 15, 14, 10, 9, 6, 11, 8]"
random,0.25,54,True,8,sqrt_length_over_gravity,6.244752611484003,0.0594145918346003,"[6, 12, 14, 9, 15, 8, 10, 5]"
random,0.25,55,True,4,sqrt_length_over_gravity,6.597713518620503,0.0826921444384459,"[5, 8, 7, 11]"
random,0.25,56,True,2,sqrt_length_over_gravity,6.200751814744735,0.03927597507138707,"[12, 4]"
random,0.25,57,True,4,sqrt_length_over_gravity,6.713857287163172,0.01728629154517725,"[4, 10, 15, 5]"
random,0.25,58,True,5,sqrt_length_over_gravity,6.0026572378338106,0.05155468389291282,"[13, 7, 8, 9, 4]"
random,0.25,59,True,4,sqrt_length_over_gravity,6.475644830660721,0.06507759312057403,"[7, 5, 13, 4]"
random,0.25,60,True,10,sqrt_length_over_gravity,6.368818463291004,0.057163268357182884,"[8, 9, 15, 6, 11, 5, 12, 13, 10, 4]"
random,0.25,61,True,8,sqrt_length_over_gravity,6.214825044227127,0.03862386666042761,"[11, 6, 14, 8, 12, 7, 9, 4]"
random,0.25,62,False,10,sqrt_length,2.090777237133831,0.055995638463583415,"[13, 6, 5, 9, 15, 8, 14, 10, 7, 12]"
random,0.25,63,True,7,sqrt_length_over_gravity,6.503635888518661,0.03626056093452477,"[11, 12, 8, 9, 15, 13, 4]"
random,0.25,64,True,2,sqrt_length_over_gravity,6.375046672111627,0.19443498892991876,"[11, 5]"
random,0.25,65,True,10,sqrt_length_over_gravity,6.178501006903261,0.03108169584793782,"[10, 8, 9, 15, 7, 11, 12, 14, 13, 6]"
random,0.25,66,True,4,sqrt_length_over_gravity,6.47829851355662,0.07108151458051187,"[5, 9, 12, 8]"
random,0.25,67,True,10,sqrt_length_over_gravity,6.3599281601960795,0.04950320406173698,"[5, 6, 12, 14, 13, 8, 11, 10, 15, 9]"
random,0.25,68,False,10,sqrt_length,1.9846402504960938,0.07031934741337484,"[15, 11, 13, 5, 8, 9, 10, 7, 12, 6]"
random,0.25,69,True,10,sqrt_length_over_gravity,6.163506375839667,0.08567566903124005,"[14, 4, 6, 8, 7, 12, 10, 11, 15, 9]"
random,0.25,70,True,10,sqrt_length_over_gravity,6.2160833395512185,0.02727581631893901,"[5, 9, 13, 14, 7, 8, 4, 10, 11, 15]"
random,0.25,71,True,10,sqrt_length_over_gravity,6.588258679083828,0.12019279665497902,"[9, 13, 15, 4, 10, 6, 7, 11, 5, 8]"
random,0.25,72,True,6,sqrt_length_over_gravity,6.236601186506011,0.07490866847568688,"[5, 14, 7, 11, 12, 8]"
random,0.25,73,True,10,sqrt_length_over_gravity,6.153532939939865,0.02307923659484136,"[8, 5, 14, 13, 7, 10, 9, 15, 4, 11]"
random,0.25,74,True,3,sqrt_length_over_gravity,6.517424876724068,0.05285776019459715,"[13, 12, 5]"
random,0.25,75,True,5,sqrt_length_over_gravity,6.259597901942737,0.0664601446201894,"[11, 14, 10, 13, 4]"
random,0.25,76,True,10,sqrt_length_over_gravity,6.422165004778666,0.052351768177974184,"[9, 12, 11, 7, 10, 4, 13, 6, 14, 8]"
random,0.25,77,True,7,sqrt_length_over_gravity,6.394899759164271,0.05629699744998486,"[8, 10, 7, 9, 11, 15, 4]"
random,0.25,78,True,10,sqrt_length_over_gravity,6.41271261294113,0.04720766897835772,"[7, 5, 10, 11, 14, 4, 15, 8, 13, 12]"
random,0.25,79,True,6,sqrt_length_over_gravity,6.462268691486131,0.01901025739163592,"[6, 12, 10, 7, 9, 5]"
random,0.25,80,True,6,sqrt_length_over_gravity,6.256103688385906,0.09685489876449588,"[8, 11, 14, 12, 10, 6]"
random,0.25,81,True,10,sqrt_length_over_gravity,6.0298175437435475,0.04148070528182427,"[12, 11, 9, 15, 13, 7, 4, 6, 8, 10]"
random,0.25,82,True,10,sqrt_length_over_gravity,5.9921406803782356,0.05217955956216894,"[6, 12, 14, 9, 7, 15, 5, 10, 8, 4]"
random,0.25,83,True,6,sqrt_length_over_gravity,6.457620413199449,0.047759147905244125,"[11, 12, 5, 7, 14, 4]"
random,0.25,84,True,5,sqrt_length_over_gravity,6.29592462416159,0.055172566539211716,"[15, 8, 4, 13, 5]"
random,0.25,85,True,10,sqrt_length_over_gravity,6.291967191932938,0.08997499019428118,"[7, 14, 5, 11, 9, 6, 12, 10, 8, 15]"
random,0.25,86,True,10,sqrt_length_over_gravity,6.414113924201859,0.058316355318622747,"[4, 13, 10, 5, 7, 14, 12, 9, 15, 6]"
random,0.25,87,False,10,sqrt_length,2.026080031595458,0.01815874518535373,"[6, 8, 14, 5, 11, 15, 9, 13, 10, 12]"
random,0.25,88,True,10,sqrt_length_over_gravity,6.412895306279152,0.07974850531532143,"[10, 7, 11, 6, 4, 13, 15, 5, 12, 14]"
random,0.25,89,True,7,sqrt_length_over_gravity,6.44573936391036,0.054265321462134496,"[5, 14, 9, 7, 12, 15, 4]"
random,0.25,90,True,10,sqrt_length_over_gravity,5.999575328881613,0.02651137136584162,"[7, 5, 13, 10, 12, 15, 9, 14, 8, 6]"
random,0.25,91,False,10,sqrt_length,1.9643745102067234,0.05367629665986461,"[5, 14, 7, 8, 13, 10, 15, 11, 12, 6]"
random,0.25,92,True,8,sqrt_length_over_gravity,5.994160934405009,0.08626270661054508,"[10, 13, 15, 14, 8, 12, 11, 4]"
random,0.25,93,True,10,sqrt_length_over_gravity,6.239341443314494,0.019695521743192057,"[11, 14, 9, 5, 6, 8, 7, 10, 15, 4]"
random,0.25,94,True,10,sqrt_length_over_gravity,6.25861153378749,0.07586865669955503,"[12, 6, 5, 10, 11, 9, 4, 14, 13, 8]"
random,0.25,95,True,8,sqrt_length_over_gravity,6.36207705619209,0.02049534782699868,"[12, 13, 14, 6, 15, 4, 7, 5]"
random,0.25,96,True,8,sqrt_length_over_gravity,6.241558669513838,0.05011776193320063,"[9, 10, 12, 7, 5, 15, 8, 4]"
random,0.25,97,True,10,sqrt_length_over_gravity,6.225780985185642,0.0676740247805646,"[7, 11, 10, 4, 5, 13, 6, 8, 14, 12]"
random,0.25,98,True,3,sqrt_length_over_gravity,6.212513696097423,0.0645547795019804,"[9, 14, 4]"
random,0.25,99,False,10,sqrt_length,2.0114537527037486,0.035241348038324176,"[10, 11, 7, 6, 9, 5, 8, 4, 14, 15]"
greedy,0.25,0,True,1,sqrt_length_over_gravity,6.14570356051787,0.05001833557735326,[4]
greedy,0.25,1,True,4,sqrt_length_over_gravity,6.212379117052083,0.05773480913948247,"[4, 8, 5, 11]"
greedy,0.25,2,True,3,sqrt_length_over_gravity,6.471776697038932,0.08516198966523982,"[4, 5, 8]"
greedy,0.25,3,True,1,sqrt_length_over_gravity,6.360195378844525,0.05234309561088429,[4]
greedy,0.25,4,True,1,sqrt_length_over_gravity,6.286756134869894,0.008662218115977192,[4]
greedy,0.25,5,False,4,sqrt_length,2.001111158399822,0.0518636775897157,"[4, 8, 5, 11]"
greedy,0.25,6,True,1,sqrt_length_over_gravity,6.001464306158568,0.04796410198186146,[4]
greedy,0.25,7,True,10,sqrt_length_over_gravity,6.3344933101838885,0.032711694617831494,"[4, 5, 8, 11, 6, 7, 10, 9, 13, 14]"
greedy,0.25,8,True,2,sqrt_length_over_gravity,6.914802976202916,0.04421470873511514,"[4, 5]"
greedy,0.25,9,True,1,sqrt_length_over_gravity,6.676101520418637,0.04750586878509824,[4]
greedy,0.25,10,True,2,sqrt_length_over_gravity,6.095472960335576,0.0197936732611221,"[4, 5]"
greedy,0.25,11,True,10,sqrt_length_over_gravity,6.307032735571941,0.059146566597066644,"[4, 5, 8, 11, 6, 7, 10, 9, 13, 14]"
greedy,0.25,12,True,2,sqrt_length_over_gravity,6.175942297488156,0.040198222634736505,"[4, 5]"
greedy,0.25,13,True,10,sqrt_length_over_gravity,6.213850477990534,0.03745442980489453,"[4, 8, 5, 11, 6, 7, 10, 9, 13, 14]"
greedy,0.25,14,True,10,sqrt_length_over_gravity,6.200308844947432,0.07749559355714078,"[4, 8, 5, 11, 6, 7, 10, 9, 13, 14]"
greedy,0.25,15,True,10,sqrt_length_over_gravity,6.232586021957362,0.09933578573392997,"[4, 5, 8, 11, 6, 7, 10, 9, 13, 14]"
greedy,0.25,16,True,1,sqrt_length_over_gravity,6.1748650308299435,0.036679948325916464,[4]
greedy,0.25,17,True,3,sqrt_length_over_gravity,6.130680314535643,0.06284730269090356,"[4, 5, 8]"
greedy,0.25,18,True,4,sqrt_length_over_gravity,6.190740321769011,0.04436810412346187,"[4, 5, 8, 11]"
greedy,0.25,19,True,1,sqrt_length_over_gravity,5.77881064202028,0.02091161886245717,[4]
greedy,0.25,20,True,10,sqrt_length_over_gravity,6.274891252301672,0.11628158268497168,"[4, 8, 5, 11, 6, 7, 10, 9, 13, 14]"
greedy,0.25,21,True,10,sqrt_length_over_gravity,6.332758265438059,0.04665520850763522,"[4, 5, 8, 11, 6, 7, 10, 9, 13, 14]"
greedy,0.25,22,True,4,sqrt_length_over_gravity,6.690301704094557,0.08943589411676352,"[4, 5, 8, 11]"
greedy,0.25,23,True,10,sqrt_length_over_gravity,6.363463368947666,0.04714097900184851,"[4, 5, 8, 11, 6, 7, 10, 9, 13, 14]"
greedy,0.25,24,True,1,sqrt_length_over_gravity,6.773799029831304,0.20936277133622413,[4]
greedy,0.25,25,True,3,sqrt_length_over_gravity,6.301310718978403,0.08051021514917242,"[4, 5, 8]"
greedy,0.25,26,True,1,sqrt_length_over_gravity,6.460961591017218,0.029624909543545873,[4]
greedy,0.25,27,True,2,sqrt_length_over_gravity,6.361041411749144,0.07110202071325303,"[4, 5]"
greedy,0.25,28,True,2,sqrt_length_over_gravity,6.296320616815173,0.015440085854155548,"[4, 5]"
greedy,0.25,29,True,5,sqrt_length_over_gravity,5.994386840941364,0.058386765707421524,"[4, 5, 8, 11, 6]"
greedy,0.25,30,True,4,sqrt_length_over_gravity,6.3122974661745195,0.041840559015140166,"[4, 5, 8, 11]"
greedy,0.25,31,True,1,sqrt_length_over_gravity,6.217732986705369,0.03887946691133383,[4]
greedy,0.25,32,True,1,sqrt_length_over_gravity,6.500991952174685,0.07030191449061188,[4]
greedy,0.25,33,True,7,sqrt_length_over_gravity,6.006623179928987,0.04322237191063153,"[4, 5, 8, 11, 6, 7, 10]"
greedy,0.25,34,False,10,sqrt_length,2.049918753706977,0.025803300183954807,"[4, 8, 5, 11, 6, 7, 10, 9, 13, 14]"
greedy,0.25,35,True,3,sqrt_length_over_gravity,6.104594252904313,0.13549735763822682,"[4, 8, 5]"
greedy,0.25,36,False,10,sqrt_length,2.121012068598317,0.09493721042075748,"[4, 8, 5, 11, 6, 7, 10, 9, 13, 14]"
greedy,0.25,37,True,3,sqrt_length_over_gravity,5.862858536945028,0.02593008051183812,"[4, 5, 8]"
greedy,0.25,38,True,3,sqrt_length_over_gravity,6.022829626294932,0.011544062289279178,"[4, 5, 8]"
greedy,0.25,39,True,1,sqrt_length_over_gravity,6.599916998562214,0.011427638941423294,[4]
greedy,0.25,40,True,2,sqrt_length_over_gravity,6.460701592247924,0.08080482201492951,"[4, 5]"
greedy,0.25,41,True,1,sqrt_length_over_gravity,6.758747123404545,0.040801196612522767,[4]
greedy,0.25,42,True,1,sqrt_length_over_gravity,6.319898748473272,0.008422585624433702,[4]
greedy,0.25,43,True,3,sqrt_length_over_gravity,6.438897140928154,0.06650657103384426,"[4, 5, 8]"
greedy,0.25,44,True,10,sqrt_length_over_gravity,6.417475200141111,0.027257358796606,"[4, 5, 8, 11, 6, 7, 10, 9, 13, 14]"
greedy,0.25,45,True,3,sqrt_length_over_gravity,6.550266984907658,0.010853446398673557,"[4, 5, 8]"
greedy,0.25,46,True,10,sqrt_length_over_gravity,6.022230482372656,0.06411018012778993,"[4, 5, 8, 11, 6, 7, 10, 9, 13, 14]"
greedy,0.25,47,True,1,sqrt_length_over_gravity,6.159761829968218,0.027762024429454468,[4]
greedy,0.25,48,True,3,sqrt_length_over_gravity,6.153511518229778,0.012089395025152376,"[4, 5, 8]"
greedy,0.25,49,True,1,sqrt_length_over_gravity,6.826493157532998,0.002813119910086496,[4]
greedy,0.25,50,False,10,sqrt_length,2.052277996429896,0.053512911426784084,"[4, 5, 8, 11, 6, 7, 10, 9, 13, 14]"
greedy,0.25,51,True,1,sqrt_length_over_gravity,6.816194585749787,0.020321930715826546,[4]
greedy,0.25,52,False,10,sqrt_length,2.0707871576898977,0.015078494689198517,"[4, 8, 5, 11, 6, 7, 10, 9, 13, 14]"
greedy,0.25,53,True,1,sqrt_length_over_gravity,5.72319623821706,0.04683668899216291,[4]
greedy,0.25,54,True,2,sqrt_length_over_gravity,6.165497153456432,0.02882876021052937,"[4, 5]"
greedy,0.25,55,True,1,sqrt_length_over_gravity,7.0022726106208495,0.03542511333008449,[4]
greedy,0.25,56,True,1,sqrt_length_over_gravity,6.1636618851295655,0.04600946417185799,[4]
greedy,0.25,57,True,3,sqrt_length_over_gravity,6.686193488760648,0.013548642183759889,"[4, 5, 8]"
greedy,0.25,58,True,10,sqrt_length_over_gravity,6.055202201887336,0.06803641353166756,"[4, 8, 5, 11, 6, 7, 10, 9, 13, 14]"
greedy,0.25,59,True,3,sqrt_length_over_gravity,6.5118844001316365,0.07403123209924856,"[4, 5, 8]"
greedy,0.25,60,True,1,sqrt_length_over_gravity,6.561799966752608,0.06340766459865206,[4]
greedy,0.25,61,True,10,sqrt_length_over_gravity,6.296030092552553,0.04752875487974221,"[4, 5, 8, 11, 6, 7, 10, 9, 13, 14]"
greedy,0.25,62,False,10,sqrt_length,2.1096442984412347,0.06004251473484598,"[4, 5, 8, 11, 6, 7, 10, 9, 13, 14]"
greedy,0.25,63,True,10,sqrt_length_over_gravity,6.522703516438282,0.033545544343363425,"[4, 5, 8, 11, 6, 7, 10, 9, 13, 14]"
greedy,0.25,64,True,1,sqrt_length_over_gravity,5.94938651444548,0.08834777654046347,[4]
greedy,0.25,65,True,5,sqrt_length_over_gravity,6.187405625132108,0.04104835187358285,"[4, 8, 5, 11, 6]"
greedy,0.25,66,True,1,sqrt_length_over_gravity,6.576842381585668,0.019478189488388455,[4]
greedy,0.25,67,True,3,sqrt_length_over_gravity,6.67692898825288,0.02717580551629389,"[4, 5, 8]"
greedy,0.25,68,True,10,sqrt_length_over_gravity,6.094438314232037,0.07563132010578101,"[4, 8, 5, 11, 6, 7, 10, 9, 13, 14]"
greedy,0.25,69,True,1,sqrt_length_over_gravity,6.516926176604617,0.021554890375523557,[4]
greedy,0.25,70,True,2,sqrt_length_over_gravity,6.2891012410093206,0.016560688706488212,"[4, 5]"
greedy,0.25,71,False,3,sqrt_length,2.219847579955298,0.13968190791934584,"[4, 8, 5]"
greedy,0.25,72,True,10,sqrt_length_over_gravity,6.0589770777288585,0.06395376427980005,"[4, 5, 8, 11, 6, 7, 10, 9, 13, 14]"
greedy,0.25,73,True,5,sqrt_length_over_gravity,6.0420780604083255,0.022608871775403362,"[4, 5, 8, 11, 6]"
greedy,0.25,74,True,10,sqrt_length_over_gravity,6.395785615711256,0.042555809046938356,"[4, 5, 8, 11, 6, 7, 10, 9, 13, 14]"
greedy,0.25,75,True,3,sqrt_length_over_gravity,6.375300463388095,0.06408941116189681,"[4, 5, 8]"
greedy,0.25,76,True,1,sqrt_length_over_gravity,6.450971374868565,0.09926642661333457,[4]
greedy,0.25,77,True,1,sqrt_length_over_gravity,6.490268840407502,0.05801497876878518,[4]
greedy,0.25,78,True,6,sqrt_length_over_gravity,6.435211169362877,0.0320350897652546,"[4, 8, 5, 11, 6, 7]"
greedy,0.25,79,True,3,sqrt_length_over_gravity,6.4555222261572425,0.01337565867085081,"[4, 5, 8]"
greedy,0.25,80,True,10,sqrt_length_over_gravity,6.143544743762545,0.12603995962701187,"[4, 8, 5, 11, 6, 7, 10, 9, 13, 14]"
greedy,0.25,81,True,2,sqrt_length_over_gravity,6.016756054578659,0.015253434879876465,"[4, 5]"
greedy,0.25,82,True,2,sqrt_length_over_gravity,6.027521045164721,0.09713733911801407,"[4, 5]"
greedy,0.25,83,True,1,sqrt_length_over_gravity,6.323337772227791,0.07527242755395287,[4]
greedy,0.25,84,True,2,sqrt_length_over_gravity,6.178266401576439,0.06900613177632142,"[4, 5]"
greedy,0.25,85,True,1,sqrt_length_over_gravity,6.987557850666029,0.006915021748284172,[4]
greedy,0.25,86,True,4,sqrt_length_over_gravity,6.1303470591102895,0.021448589648873462,"[4, 5, 8, 11]"
greedy,0.25,87,True,7,sqrt_length_over_gravity,6.228757060811085,0.02344316742142843,"[4, 8, 5, 11, 6, 7, 10]"
greedy,0.25,88,True,10,sqrt_length_over_gravity,6.530084915519418,0.07126392534241317,"[4, 8, 5, 11, 6, 7, 10, 9, 13, 14]"
greedy,0.25,89,True,3,sqrt_length_over_gravity,6.5169558687666225,0.016829555369943714,"[4, 5, 8]"
greedy,0.25,90,True,5,sqrt_length_over_gravity,5.920537907899301,0.02946458375349253,"[4, 5, 8, 11, 6]"
greedy,0.25,91,True,2,sqrt_length_over_gravity,6.442216376518089,0.04639285584072804,"[4, 5]"
greedy,0.25,92,True,2,sqrt_length_over_gravity,6.053498393468795,0.041688357042176535,"[4, 5]"
greedy,0.25,93,True,2,sqrt_length_over_gravity,6.199378223416414,0.032921574618829705,"[4, 5]"
greedy,0.25,94,True,1,sqrt_length_over_gravity,6.313141997124761,0.021571533182771965,[4]
greedy,0.25,95,True,3,sqrt_length_over_gravity,6.420021341277426,0.03089330485476735,"[4, 5, 8]"
greedy,0.25,96,True,1,sqrt_length_over_gravity,6.23544463364214,0.08120152122360738,[4]
greedy,0.25,97,True,1,sqrt_length_over_gravity,6.429167489225216,0.1047793545740848,[4]
greedy,0.25,98,True,10,sqrt_length_over_gravity,6.330863385726313,0.07029435409997653,"[4, 5, 8, 11, 6, 7, 10, 9, 13, 14]"
greedy,0.25,99,True,1,sqrt_length_over_gravity,6.42205110888283,0.01214888686645192,[4]
disagreement,0.25,0,True,4,sqrt_length_over_gravity,6.197830500160495,0.03869724929094464,"[11, 12, 4, 5]"
disagreement,0.25,1,True,5,sqrt_length_over_gravity,6.177078860556855,0.06539296579233025,"[11, 12, 4, 5, 8]"
disagreement,0.25,2,True,10,sqrt_length_over_gravity,6.1575439373098675,0.05764221673475753,"[11, 12, 4, 5, 8, 6, 7, 13, 14, 15]"
disagreement,0.25,3,True,4,sqrt_length_over_gravity,6.4680701384846815,0.05676689316819044,"[11, 12, 4, 5]"
disagreement,0.25,4,True,3,sqrt_length_over_gravity,6.375779447863806,0.014560710965689073,"[11, 12, 4]"
disagreement,0.25,5,True,7,sqrt_length_over_gravity,5.988020582289977,0.08991857328514244,"[11, 12, 4, 5, 8, 6, 7]"
disagreement,0.25,6,True,10,sqrt_length_over_gravity,6.204689477882106,0.0724706621432305,"[11, 12, 4, 5, 8, 6, 7, 13, 14, 15]"
disagreement,0.25,7,True,4,sqrt_length_over_gravity,6.255432804405215,0.0232674625313213,"[11, 12, 4, 5]"
disagreement,0.25,8,True,5,sqrt_length_over_gravity,6.759824083489098,0.033949561223722315,"[11, 12, 4, 5, 8]"
disagreement,0.25,9,True,5,sqrt_length_over_gravity,6.607814777760234,0.03038901092043785,"[11, 12, 4, 5, 8]"
disagreement,0.25,10,True,10,sqrt_length_over_gravity,6.124117798655032,0.05551608606664433,"[11, 12, 4, 5, 8, 6, 7, 13, 14, 15]"
disagreement,0.25,11,True,4,sqrt_length_over_gravity,6.258315349245879,0.04355934506976633,"[11, 12, 4, 5]"
disagreement,0.25,12,True,4,sqrt_length_over_gravity,6.15398746844959,0.027404660497201732,"[11, 12, 4, 5]"
disagreement,0.25,13,True,3,sqrt_length_over_gravity,6.100523326045297,0.06152921976114393,"[11, 12, 4]"
disagreement,0.25,14,True,3,sqrt_length_over_gravity,6.0455110437556785,0.07754705706513934,"[11, 12, 4]"
disagreement,0.25,15,True,4,sqrt_length_over_gravity,6.289531634678354,0.014363380602424453,"[11, 12, 4, 5]"
disagreement,0.25,16,True,3,sqrt_length_over_gravity,6.259254820467178,0.04818258097847968,"[11, 12, 4]"
disagreement,0.25,17,True,10,sqrt_length_over_gravity,6.135769230899929,0.039559968479467,"[11, 12, 4, 5, 8, 6, 7, 13, 14, 15]"
disagreement,0.25,18,True,10,sqrt_length_over_gravity,6.259391398847617,0.03455582177928622,"[11, 12, 4, 5, 8, 6, 7, 13, 14, 15]"
disagreement,0.25,19,True,3,sqrt_length_over_gravity,6.029413010023353,0.1523581116137678,"[11, 12, 4]"
disagreement,0.25,20,True,3,sqrt_length_over_gravity,6.151510301573821,0.09027391555489787,"[11, 12, 4]"
disagreement,0.25,21,True,3,sqrt_length_over_gravity,6.351869945520807,0.06969508126883724,"[11, 12, 4]"
disagreement,0.25,22,True,7,sqrt_length_over_gravity,6.657278917393825,0.06952589992712974,"[11, 12, 4, 5, 8, 6, 7]"
disagreement,0.25,23,True,10,sqrt_length_over_gravity,6.366342085160447,0.04724216529755051,"[11, 12, 4, 5, 8, 6, 7, 13, 14, 15]"
disagreement,0.25,24,True,3,sqrt_length_over_gravity,6.882362896819909,0.11383459930988611,"[11, 12, 4]"
disagreement,0.25,25,True,4,sqrt_length_over_gravity,6.371789643941997,0.11820133984267554,"[11, 12, 4, 5]"
disagreement,0.25,26,True,4,sqrt_length_over_gravity,6.548759125133881,0.03226105033275416,"[11, 12, 4, 5]"
disagreement,0.25,27,True,3,sqrt_length_over_gravity,6.334853070617104,0.06536137321895147,"[11, 12, 4]"
disagreement,0.25,28,True,3,sqrt_length_over_gravity,6.313323864290601,0.019799741266773276,"[11, 12, 4]"
disagreement,0.25,29,False,10,sqrt_length,2.0520755968827036,0.059198934161733614,"[11, 12, 4, 5, 8, 6, 7, 13, 14, 15]"
disagreement,0.25,30,True,3,sqrt_length_over_gravity,6.495413618867886,0.025345825087295906,"[11, 12, 4]"
disagreement,0.25,31,True,3,sqrt_length_over_gravity,6.340897425987141,0.028217143378075835,"[11, 12, 4]"
disagreement,0.25,32,True,4,sqrt_length_over_gravity,6.5054638718711795,0.06602899248956455,"[11, 12, 4, 5]"
disagreement,0.25,33,True,10,sqrt_length_over_gravity,5.862709924582466,0.05209763363535213,"[11, 12, 4, 5, 8, 6, 7, 13, 14, 10]"
disagreement,0.25,34,True,4,sqrt_length_over_gravity,6.1589009884323325,0.07031504704833968,"[11, 12, 4, 5]"
disagreement,0.25,35,True,3,sqrt_length_over_gravity,6.056120557237017,0.12933135594061249,"[11, 12, 4]"
disagreement,0.25,36,True,10,sqrt_length_over_gravity,6.413296234505509,0.11831880943302323,"[11, 12, 4, 5, 8, 6, 7, 13, 14, 15]"
disagreement,0.25,37,True,10,sqrt_length_over_gravity,5.855507189875599,0.010732738585711252,"[11, 12, 4, 5, 8, 6, 7, 13, 14, 15]"
disagreement,0.25,38,True,10,sqrt_length_over_gravity,6.036064298001157,0.048737941415391485,"[11, 12, 4, 5, 8, 6, 7, 13, 14, 15]"
disagreement,0.25,39,True,10,sqrt_length_over_gravity,6.5575259793891405,0.04851553427889603,"[11, 12, 4, 5, 8, 6, 7, 13, 14, 15]"
disagreement,0.25,40,True,6,sqrt_length_over_gravity,6.43910630177517,0.054633896279867165,"[11, 12, 4, 5, 8, 6]"
disagreement,0.25,41,True,10,sqrt_length_over_gravity,6.339189420980009,0.061710805922680106,"[11, 12, 4, 5, 8, 6, 7, 13, 14, 10]"
disagreement,0.25,42,True,10,sqrt_length_over_gravity,6.3252158253673585,0.023252291121965935,"[11, 12, 4, 5, 8, 6, 7, 13, 14, 15]"
disagreement,0.25,43,False,10,sqrt_length,2.0756128565615914,0.06576382362584374,"[11, 12, 4, 5, 8, 6, 7, 13, 14, 15]"
disagreement,0.25,44,True,4,sqrt_length_over_gravity,6.273778086368765,0.018010415175602618,"[11, 12, 4, 5]"
disagreement,0.25,45,True,10,sqrt_length_over_gravity,6.577746325093821,0.02694367696834861,"[11, 12, 4, 5, 8, 6, 7, 13, 14, 15]"
disagreement,0.25,46,True,3,sqrt_length_over_gravity,6.047790709075271,0.054311689403518104,"[11, 12, 4]"
disagreement,0.25,47,True,4,sqrt_length_over_gravity,6.252882754960587,0.03531734088715922,"[11, 12, 4, 5]"
disagreement,0.25,48,True,4,sqrt_length_over_gravity,6.1351418195211,0.008154103341509905,"[11, 12, 4, 5]"
disagreement,0.25,49,True,4,sqrt_length_over_gravity,6.709942697856136,0.018726879016368464,"[11, 12, 4, 5]"
disagreement,0.25,50,True,3,sqrt_length_over_gravity,6.027467043652777,0.07092850554111536,"[11, 12, 4]"
disagreement,0.25,51,True,3,sqrt_length_over_gravity,6.785325669696145,0.0108755664751703,"[11, 12, 4]"
disagreement,0.25,52,True,4,sqrt_length_over_gravity,6.186783739123651,0.022535840661288102,"[11, 12, 4, 5]"
disagreement,0.25,53,True,4,sqrt_length_over_gravity,6.010982758741113,0.05931139738637242,"[11, 12, 4, 5]"
disagreement,0.25,54,False,10,sqrt_length,2.0450970793035896,0.09071898939452379,"[11, 12, 4, 5, 8, 6, 7, 13, 14, 15]"
disagreement,0.25,55,False,6,sqrt_length,2.1908205542587393,0.02306709184258373,"[11, 12, 4, 5, 8, 6]"
disagreement,0.25,56,False,3,sqrt_length,1.976540560681396,0.0375111639923933,"[11, 12, 4]"
disagreement,0.25,57,True,4,sqrt_length_over_gravity,6.629873488317585,0.02705479006162369,"[11, 12, 4, 5]"
disagreement,0.25,58,True,3,sqrt_length_over_gravity,5.861796210007428,0.0386008439555875,"[11, 12, 4]"
disagreement,0.25,59,True,10,sqrt_length_over_gravity,6.312262214287512,0.05019288045519659,"[11, 12, 4, 5, 8, 6, 7, 13, 14, 15]"
disagreement,0.25,60,True,4,sqrt_length_over_gravity,6.591995906199881,0.0497223049073767,"[11, 12, 4, 5]"
disagreement,0.25,61,True,3,sqrt_length_over_gravity,6.216983560855164,0.04863675166467905,"[11, 12, 4]"
disagreement,0.25,62,True,3,sqrt_length_over_gravity,6.316502018211949,0.05688526373889106,"[11, 12, 4]"
disagreement,0.25,63,True,3,sqrt_length_over_gravity,6.412047189670809,0.046224273051158365,"[11, 12, 4]"
disagreement,0.25,64,True,4,sqrt_length_over_gravity,6.2747228674360205,0.14361925453697813,"[11, 12, 4, 5]"
disagreement,0.25,65,True,10,sqrt_length_over_gravity,6.141044253282991,0.02976323350802808,"[11, 12, 4, 5, 8, 6, 7, 13, 14, 15]"
disagreement,0.25,66,True,3,sqrt_length_over_gravity,6.664110386001297,0.032973468124784085,"[11, 12, 4]"
disagreement,0.25,67,True,10,sqrt_length_over_gravity,6.324626225616642,0.05028658309272812,"[11, 12, 4, 5, 8, 6, 7, 13, 14, 15]"
disagreement,0.25,68,True,3,sqrt_length_over_gravity,5.945723877158317,0.10128223782177682,"[11, 12, 4]"
disagreement,0.25,69,True,3,sqrt_length_over_gravity,6.591635410081149,0.051489376378617446,"[11, 12, 4]"
disagreement,0.25,70,True,5,sqrt_length_over_gravity,6.185309277452529,0.022722905021372343,"[11, 12, 4, 5, 8]"
disagreement,0.25,71,False,3,sqrt_length,2.140073779800188,0.10798657825471643,"[11, 12, 4]"
disagreement,0.25,72,True,5,sqrt_length_over_gravity,6.3347369554301345,0.04556552749274391,"[11, 12, 4, 5, 8]"
disagreement,0.25,73,True,10,sqrt_length_over_gravity,6.127295405190332,0.022305599349750425,"[11, 12, 4, 5, 8, 6, 7, 13, 14, 15]"
disagreement,0.25,74,True,3,sqrt_length_over_gravity,6.4771410729750505,0.052760609287230864,"[11, 12, 4]"
disagreement,0.25,75,False,10,sqrt_length,2.057949555947235,0.07200402585794854,"[11, 12, 4, 5, 8, 6, 7, 13, 14, 10]"
disagreement,0.25,76,True,10,sqrt_length_over_gravity,6.3904044429941225,0.05400317104150348,"[11, 12, 4, 5, 8, 6, 7, 13, 14, 15]"
disagreement,0.25,77,True,3,sqrt_length_over_gravity,6.6028070201610465,0.0349152748828574,"[11, 12, 4]"
disagreement,0.25,78,True,3,sqrt_length_over_gravity,6.420447723878337,0.03682808512239585,"[11, 12, 4]"
disagreement,0.25,79,True,10,sqrt_length_over_gravity,6.4672544900888775,0.017716292636953887,"[11, 12, 4, 5, 8, 6, 7, 13, 14, 15]"
disagreement,0.25,80,True,3,sqrt_length_over_gravity,5.977440943228821,0.07759842018265996,"[11, 12, 4]"
disagreement,0.25,81,True,10,sqrt_length_over_gravity,5.965346582697304,0.036864893068062156,"[11, 12, 4, 5, 8, 6, 7, 13, 14, 15]"
disagreement,0.25,82,True,10,sqrt_length_over_gravity,6.014517458900579,0.053530047344819774,"[11, 12, 4, 5, 8, 6, 7, 13, 14, 15]"
disagreement,0.25,83,True,4,sqrt_length_over_gravity,6.4342117128451095,0.05801752726139029,"[11, 12, 4, 5]"
disagreement,0.25,84,True,4,sqrt_length_over_gravity,6.218798052298997,0.05120806479430275,"[11, 12, 4, 5]"
disagreement,0.25,85,True,3,sqrt_length_over_gravity,6.865748356317687,0.006116233563789761,"[11, 12, 4]"
disagreement,0.25,86,True,7,sqrt_length_over_gravity,6.147563121392185,0.036504928586527444,"[11, 12, 4, 5, 8, 6, 7]"
disagreement,0.25,87,True,3,sqrt_length_over_gravity,6.335690955926047,0.028468979404588837,"[11, 12, 4]"
disagreement,0.25,88,True,4,sqrt_length_over_gravity,6.285119798673602,0.050052747072474445,"[11, 12, 4, 5]"
disagreement,0.25,89,False,10,sqrt_length,2.1222834976372025,0.03336430236204675,"[11, 12, 4, 5, 8, 6, 7, 13, 14, 15]"
disagreement,0.25,90,True,10,sqrt_length_over_gravity,6.033432342649604,0.02838497884677604,"[11, 12, 4, 5, 8, 6, 7, 13, 14, 15]"
disagreement,0.25,91,True,5,sqrt_length_over_gravity,6.211514493206247,0.043549637359988,"[11, 12, 4, 5, 8]"
disagreement,0.25,92,True,10,sqrt_length_over_gravity,5.784542780454747,0.09205302379374912,"[11, 12, 4, 5, 8, 6, 7, 13, 14, 15]"
disagreement,0.25,93,True,3,sqrt_length_over_gravity,6.230762651119477,0.031821512730276634,"[11, 12, 4]"
disagreement,0.25,94,True,4,sqrt_length_over_gravity,6.470153290760208,0.02645189391713634,"[11, 12, 4, 5]"
disagreement,0.25,95,True,10,sqrt_length_over_gravity,6.309217328789314,0.025963216064859983,"[11, 12, 4, 5, 8, 6, 7, 13, 14, 15]"
disagreement,0.25,96,True,10,sqrt_length_over_gravity,6.227712327109578,0.046302515665646166,"[11, 12, 4, 5, 8, 6, 7, 13, 14, 15]"
disagreement,0.25,97,True,10,sqrt_length_over_gravity,6.284822635290112,0.06825534628603472,"[11, 12, 4, 5, 8, 6, 7, 13, 14, 15]"
disagreement,0.25,98,True,3,sqrt_length_over_gravity,6.2673909474249365,0.06540152734491156,"[11, 12, 4]"
disagreement,0.25,99,False,10,sqrt_length,2.0055749744426437,0.03607404100392809,"[11, 12, 4, 5, 8, 6, 7, 13, 14, 10]"
information_gain,0.25,0,True,1,sqrt_length_over_gravity,6.14570356051787,0.05001833557735326,[4]
information_gain,0.25,1,True,4,sqrt_length_over_gravity,6.212379117052083,0.05773480913948247,"[4, 8, 5, 11]"
information_gain,0.25,2,True,3,sqrt_length_over_gravity,6.471776697038932,0.08516198966523982,"[4, 5, 8]"
information_gain,0.25,3,True,1,sqrt_length_over_gravity,6.360195378844525,0.05234309561088429,[4]
information_gain,0.25,4,True,1,sqrt_length_over_gravity,6.286756134869894,0.008662218115977192,[4]
information_gain,0.25,5,False,4,sqrt_length,2.001111158399822,0.0518636775897157,"[4, 8, 5, 11]"
information_gain,0.25,6,True,1,sqrt_length_over_gravity,6.001464306158568,0.04796410198186146,[4]
information_gain,0.25,7,True,10,sqrt_length_over_gravity,6.3344933101838885,0.032711694617831494,"[4, 5, 8, 11, 6, 7, 10, 9, 13, 14]"
information_gain,0.25,8,True,2,sqrt_length_over_gravity,6.914802976202916,0.04421470873511514,"[4, 5]"
information_gain,0.25,9,True,1,sqrt_length_over_gravity,6.676101520418637,0.04750586878509824,[4]
information_gain,0.25,10,True,2,sqrt_length_over_gravity,6.095472960335576,0.0197936732611221,"[4, 5]"
information_gain,0.25,11,True,10,sqrt_length_over_gravity,6.307032735571941,0.059146566597066644,"[4, 5, 8, 11, 6, 7, 10, 9, 13, 14]"
information_gain,0.25,12,True,2,sqrt_length_over_gravity,6.175942297488156,0.040198222634736505,"[4, 5]"
information_gain,0.25,13,True,10,sqrt_length_over_gravity,6.213850477990534,0.03745442980489453,"[4, 8, 5, 11, 6, 7, 10, 9, 13, 14]"
information_gain,0.25,14,True,10,sqrt_length_over_gravity,6.200308844947432,0.07749559355714078,"[4, 8, 5, 11, 6, 7, 10, 9, 13, 14]"
information_gain,0.25,15,True,10,sqrt_length_over_gravity,6.232586021957362,0.09933578573392997,"[4, 5, 8, 11, 6, 7, 10, 9, 13, 14]"
information_gain,0.25,16,True,1,sqrt_length_over_gravity,6.1748650308299435,0.036679948325916464,[4]
information_gain,0.25,17,True,3,sqrt_length_over_gravity,6.130680314535643,0.06284730269090356,"[4, 5, 8]"
information_gain,0.25,18,True,4,sqrt_length_over_gravity,6.190740321769011,0.04436810412346187,"[4, 5, 8, 11]"
information_gain,0.25,19,True,1,sqrt_length_over_gravity,5.77881064202028,0.02091161886245717,[4]
information_gain,0.25,20,True,10,sqrt_length_over_gravity,6.274891252301672,0.11628158268497168,"[4, 8, 5, 11, 6, 7, 10, 9, 13, 14]"
information_gain,0.25,21,True,3,sqrt_length_over_gravity,6.4327357936941825,0.0670035907061302,"[4, 8, 5]"
information_gain,0.25,22,True,4,sqrt_length_over_gravity,6.690301704094557,0.08943589411676352,"[4, 5, 8, 11]"
information_gain,0.25,23,True,10,sqrt_length_over_gravity,6.363463368947666,0.04714097900184851,"[4, 5, 8, 11, 6, 7, 10, 9, 13, 14]"
information_gain,0.25,24,True,1,sqrt_length_over_gravity,6.773799029831304,0.20936277133622413,[4]
information_gain,0.25,25,True,3,sqrt_length_over_gravity,6.301310718978403,0.08051021514917242,"[4, 5, 8]"
information_gain,0.25,26,True,1,sqrt_length_over_gravity,6.460961591017218,0.029624909543545873,[4]
information_gain,0.25,27,True,2,sqrt_length_over_gravity,6.361041411749144,0.07110202071325303,"[4, 5]"
information_gain,0.25,28,True,2,sqrt_length_over_gravity,6.296320616815173,0.015440085854155548,"[4, 5]"
information_gain,0.25,29,True,5,sqrt_length_over_gravity,5.994386840941364,0.058386765707421524,"[4, 5, 8, 11, 6]"
information_gain,0.25,30,True,4,sqrt_length_over_gravity,6.3122974661745195,0.041840559015140166,"[4, 5, 8, 11]"
information_gain,0.25,31,True,1,sqrt_length_over_gravity,6.217732986705369,0.03887946691133383,[4]
information_gain,0.25,32,True,1,sqrt_length_over_gravity,6.500991952174685,0.07030191449061188,[4]
information_gain,0.25,33,True,7,sqrt_length_over_gravity,6.006623179928987,0.04322237191063153,"[4, 5, 8, 11, 6, 7, 10]"
information_gain,0.25,34,False,10,sqrt_length,2.049918753706977,0.025803300183954807,"[4, 8, 5, 11, 6, 7, 10, 9, 13, 14]"
information_gain,0.25,35,True,3,sqrt_length_over_gravity,6.104594252904313,0.13549735763822682,"[4, 8, 5]"
information_gain,0.25,36,False,10,sqrt_length,2.121012068598317,0.09493721042075748,"[4, 8, 5, 11, 6, 7, 10, 9, 13, 14]"
information_gain,0.25,37,True,3,sqrt_length_over_gravity,5.862858536945028,0.02593008051183812,"[4, 5, 8]"
information_gain,0.25,38,True,3,sqrt_length_over_gravity,6.022829626294932,0.011544062289279178,"[4, 5, 8]"
information_gain,0.25,39,True,1,sqrt_length_over_gravity,6.599916998562214,0.011427638941423294,[4]
information_gain,0.25,40,True,2,sqrt_length_over_gravity,6.460701592247924,0.08080482201492951,"[4, 5]"
information_gain,0.25,41,True,1,sqrt_length_over_gravity,6.758747123404545,0.040801196612522767,[4]
information_gain,0.25,42,True,1,sqrt_length_over_gravity,6.319898748473272,0.008422585624433702,[4]
information_gain,0.25,43,True,3,sqrt_length_over_gravity,6.438897140928154,0.06650657103384426,"[4, 5, 8]"
information_gain,0.25,44,True,10,sqrt_length_over_gravity,6.417475200141111,0.027257358796606,"[4, 5, 8, 11, 6, 7, 10, 9, 13, 14]"
information_gain,0.25,45,True,3,sqrt_length_over_gravity,6.550266984907658,0.010853446398673557,"[4, 5, 8]"
information_gain,0.25,46,True,10,sqrt_length_over_gravity,6.022230482372656,0.06411018012778993,"[4, 5, 8, 11, 6, 7, 10, 9, 13, 14]"
information_gain,0.25,47,True,1,sqrt_length_over_gravity,6.159761829968218,0.027762024429454468,[4]
information_gain,0.25,48,True,3,sqrt_length_over_gravity,6.153511518229778,0.012089395025152376,"[4, 5, 8]"
information_gain,0.25,49,True,1,sqrt_length_over_gravity,6.826493157532998,0.002813119910086496,[4]
information_gain,0.25,50,False,10,sqrt_length,2.052277996429896,0.053512911426784084,"[4, 5, 8, 11, 6, 7, 10, 9, 13, 14]"
information_gain,0.25,51,True,1,sqrt_length_over_gravity,6.816194585749787,0.020321930715826546,[4]
information_gain,0.25,52,False,10,sqrt_length,2.0707871576898977,0.015078494689198517,"[4, 8, 5, 11, 6, 7, 10, 9, 13, 14]"
information_gain,0.25,53,True,1,sqrt_length_over_gravity,5.72319623821706,0.04683668899216291,[4]
information_gain,0.25,54,True,2,sqrt_length_over_gravity,6.165497153456432,0.02882876021052937,"[4, 5]"
information_gain,0.25,55,True,1,sqrt_length_over_gravity,7.0022726106208495,0.03542511333008449,[4]
information_gain,0.25,56,True,1,sqrt_length_over_gravity,6.1636618851295655,0.04600946417185799,[4]
information_gain,0.25,57,True,3,sqrt_length_over_gravity,6.686193488760648,0.013548642183759889,"[4, 5, 8]"
information_gain,0.25,58,True,10,sqrt_length_over_gravity,6.055202201887336,0.06803641353166756,"[4, 8, 5, 11, 6, 7, 10, 9, 13, 14]"
information_gain,0.25,59,True,3,sqrt_length_over_gravity,6.5118844001316365,0.07403123209924856,"[4, 5, 8]"
information_gain,0.25,60,True,1,sqrt_length_over_gravity,6.561799966752608,0.06340766459865206,[4]
information_gain,0.25,61,True,10,sqrt_length_over_gravity,6.296030092552553,0.04752875487974221,"[4, 5, 8, 11, 6, 7, 10, 9, 13, 14]"
information_gain,0.25,62,False,10,sqrt_length,2.1096442984412347,0.06004251473484598,"[4, 5, 8, 11, 6, 7, 10, 9, 13, 14]"
information_gain,0.25,63,True,10,sqrt_length_over_gravity,6.522703516438282,0.033545544343363425,"[4, 5, 8, 11, 6, 7, 10, 9, 13, 14]"
information_gain,0.25,64,True,1,sqrt_length_over_gravity,5.94938651444548,0.08834777654046347,[4]
information_gain,0.25,65,True,5,sqrt_length_over_gravity,6.187405625132108,0.04104835187358285,"[4, 8, 5, 11, 6]"
information_gain,0.25,66,True,1,sqrt_length_over_gravity,6.576842381585668,0.019478189488388455,[4]
information_gain,0.25,67,True,10,sqrt_length_over_gravity,6.2738895392450065,0.050546564182683565,"[4, 8, 5, 11, 6, 7, 10, 9, 13, 14]"
information_gain,0.25,68,True,10,sqrt_length_over_gravity,6.094438314232037,0.07563132010578101,"[4, 8, 5, 11, 6, 7, 10, 9, 13, 14]"
information_gain,0.25,69,True,1,sqrt_length_over_gravity,6.516926176604617,0.021554890375523557,[4]
information_gain,0.25,70,True,2,sqrt_length_over_gravity,6.2891012410093206,0.016560688706488212,"[4, 5]"
information_gain,0.25,71,False,3,sqrt_length,2.219847579955298,0.13968190791934584,"[4, 8, 5]"
information_gain,0.25,72,True,10,sqrt_length_over_gravity,6.0589770777288585,0.06395376427980005,"[4, 5, 8, 11, 6, 7, 10, 9, 13, 14]"
information_gain,0.25,73,True,5,sqrt_length_over_gravity,6.0420780604083255,0.022608871775403362,"[4, 5, 8, 11, 6]"
information_gain,0.25,74,True,10,sqrt_length_over_gravity,6.395785615711256,0.042555809046938356,"[4, 5, 8, 11, 6, 7, 10, 9, 13, 14]"
information_gain,0.25,75,True,3,sqrt_length_over_gravity,6.375300463388095,0.06408941116189681,"[4, 5, 8]"
information_gain,0.25,76,True,1,sqrt_length_over_gravity,6.450971374868565,0.09926642661333457,[4]
information_gain,0.25,77,True,1,sqrt_length_over_gravity,6.490268840407502,0.05801497876878518,[4]
information_gain,0.25,78,True,6,sqrt_length_over_gravity,6.435211169362877,0.0320350897652546,"[4, 8, 5, 11, 6, 7]"
information_gain,0.25,79,True,3,sqrt_length_over_gravity,6.4555222261572425,0.01337565867085081,"[4, 5, 8]"
information_gain,0.25,80,True,10,sqrt_length_over_gravity,6.143544743762545,0.12603995962701187,"[4, 8, 5, 11, 6, 7, 10, 9, 13, 14]"
information_gain,0.25,81,True,2,sqrt_length_over_gravity,6.016756054578659,0.015253434879876465,"[4, 5]"
information_gain,0.25,82,True,10,sqrt_length_over_gravity,6.030295263370388,0.053098599883848935,"[4, 8, 5, 11, 6, 7, 10, 9, 13, 14]"
information_gain,0.25,83,True,1,sqrt_length_over_gravity,6.323337772227791,0.07527242755395287,[4]
information_gain,0.25,84,True,2,sqrt_length_over_gravity,6.178266401576439,0.06900613177632142,"[4, 5]"
information_gain,0.25,85,True,1,sqrt_length_over_gravity,6.987557850666029,0.006915021748284172,[4]
information_gain,0.25,86,True,4,sqrt_length_over_gravity,6.1303470591102895,0.021448589648873462,"[4, 5, 8, 11]"
information_gain,0.25,87,True,7,sqrt_length_over_gravity,6.228757060811085,0.02344316742142843,"[4, 8, 5, 11, 6, 7, 10]"
information_gain,0.25,88,True,10,sqrt_length_over_gravity,6.530084915519418,0.07126392534241317,"[4, 8, 5, 11, 6, 7, 10, 9, 13, 14]"
information_gain,0.25,89,True,3,sqrt_length_over_gravity,6.5169558687666225,0.016829555369943714,"[4, 5, 8]"
information_gain,0.25,90,True,5,sqrt_length_over_gravity,5.920537907899301,0.02946458375349253,"[4, 5, 8, 11, 6]"
information_gain,0.25,91,True,2,sqrt_length_over_gravity,6.442216376518089,0.04639285584072804,"[4, 5]"
information_gain,0.25,92,True,2,sqrt_length_over_gravity,6.053498393468795,0.041688357042176535,"[4, 5]"
information_gain,0.25,93,True,2,sqrt_length_over_gravity,6.199378223416414,0.032921574618829705,"[4, 5]"
information_gain,0.25,94,True,1,sqrt_length_over_gravity,6.313141997124761,0.021571533182771965,[4]
information_gain,0.25,95,True,3,sqrt_length_over_gravity,6.420021341277426,0.03089330485476735,"[4, 5, 8]"
information_gain,0.25,96,True,1,sqrt_length_over_gravity,6.23544463364214,0.08120152122360738,[4]
information_gain,0.25,97,True,1,sqrt_length_over_gravity,6.429167489225216,0.1047793545740848,[4]
information_gain,0.25,98,True,10,sqrt_length_over_gravity,6.330863385726313,0.07029435409997653,"[4, 5, 8, 11, 6, 7, 10, 9, 13, 14]"
information_gain,0.25,99,True,1,sqrt_length_over_gravity,6.42205110888283,0.01214888686645192,[4]
random,0.5,0,True,10,sqrt_length_over_gravity,5.947272889846077,0.14254199091391537,"[10, 11, 4, 9, 15, 8, 7, 13, 12, 14]"
random,0.5,1,True,10,sqrt_length_over_gravity,6.1443838679008715,0.18587402675947293,"[6, 14, 5, 10, 7, 11, 12, 13, 15, 4]"
random,0.5,2,True,10,sqrt_length_over_gravity,6.048695126849641,0.2306819782294587,"[4, 6, 7, 12, 9, 14, 15, 10, 11, 13]"
random,0.5,3,True,10,sqrt_length_over_gravity,6.60835223275525,0.16037116176946617,"[7, 14, 13, 6, 11, 10, 9, 15, 4, 12]"
random,0.5,4,True,10,sqrt_length_over_gravity,6.33943149140356,0.11496899146896213,"[7, 9, 5, 13, 15, 6, 4, 8, 10, 12]"
random,0.5,5,True,10,sqrt_length_over_gravity,5.819447413422801,0.30588644919125973,"[13, 8, 10, 15, 4, 14, 9, 6, 5, 7]"
random,0.5,6,True,10,sqrt_length_over_gravity,6.141727950955549,0.2904612101985525,"[13, 5, 12, 9, 4, 6, 8, 15, 14, 11]"
random,0.5,7,True,10,sqrt_length_over_gravity,6.320017776199812,0.1325988259319991,"[9, 6, 12, 4, 7, 15, 13, 5, 11, 14]"
random,0.5,8,False,10,sqrt_length,2.2017129520484517,0.15340380041707616,"[7, 10, 12, 6, 9, 14, 4, 5, 11, 8]"
random,0.5,9,True,10,sqrt_length_over_gravity,6.6920798070855305,0.1543857437252328,"[11, 14, 9, 8, 6, 5, 15, 4, 12, 13]"
random,0.5,10,True,10,sqrt_length_over_gravity,6.015125851007637,0.22512055074559398,"[13, 4, 11, 14, 5, 7, 10, 12, 9, 15]"
random,0.5,11,True,10,sqrt_length_over_gravity,6.280936345538146,0.2370136813721649,"[11, 13, 12, 14, 7, 5, 10, 9, 6, 4]"
random,0.5,12,False,10,sqrt_length,1.9559953000587158,0.19881021336337817,"[11, 8, 14, 10, 6, 9, 4, 12, 15, 7]"
random,0.5,13,True,10,sqrt_length_over_gravity,6.15149458083004,0.15024101065894105,"[8, 9, 6, 10, 7, 15, 5, 11, 12, 4]"
random,0.5,14,True,10,sqrt_length_over_gravity,5.966448748860672,0.2999826958166376,"[5, 14, 13, 8, 10, 12, 7, 9, 4, 15]"
random,0.5,15,False,10,sqrt_length,2.029774856174453,0.38984740543724367,"[7, 4, 14, 5, 9, 8, 6, 10, 12, 15]"
random,0.5,16,True,10,sqrt_length_over_gravity,6.377782546002086,0.14605637161050028,"[9, 12, 13, 8, 14, 5, 10, 4, 15, 11]"
random,0.5,17,True,10,sqrt_length_over_gravity,6.052900950021494,0.16253882842305106,"[12, 10, 8, 11, 9, 5, 15, 14, 7, 4]"
random,0.5,18,True,10,sqrt_length_over_gravity,6.035053569656472,0.12754174636384488,"[6, 5, 13, 11, 9, 7, 12, 14, 8, 10]"
random,0.5,19,False,10,sqrt_length,1.9779118637652433,0.2477122560842477,"[14, 4, 13, 6, 9, 10, 8, 15, 11, 12]"
random,0.5,20,True,10,sqrt_length_over_gravity,6.374720838674516,0.464027440831052,"[15, 14, 6, 9, 5, 13, 8, 12, 7, 4]"
random,0.5,21,False,10,sqrt_length,2.070864873731772,0.1806211673336395,"[6, 11, 12, 9, 15, 14, 5, 10, 7, 13]"
random,0.5,22,True,10,sqrt_length_over_gravity,6.661997014391889,0.3455822593602103,"[6, 8, 4, 14, 9, 13, 5, 11, 7, 10]"
random,0.5,23,False,10,sqrt_length,2.0830941995207395,0.16926899525440173,"[8, 5, 4, 11, 14, 10, 13, 9, 7, 15]"
random,0.5,24,False,10,sqrt_length,2.2300189788233236,0.5074877196831687,"[15, 10, 14, 6, 8, 5, 7, 9, 4, 13]"
random,0.5,25,True,10,sqrt_length_over_gravity,6.777341638929379,0.29089053890604644,"[10, 4, 8, 11, 15, 5, 9, 6, 13, 14]"
random,0.5,26,False,10,sqrt_length,1.967827200234513,0.22315878897098568,"[15, 7, 8, 12, 4, 6, 11, 5, 10, 14]"
random,0.5,27,False,10,sqrt_length,2.1885148976770212,0.2105387231685517,"[14, 11, 8, 9, 7, 4, 5, 12, 13, 10]"
random,0.5,28,True,10,sqrt_length_over_gravity,6.466647131050529,0.1305230730754685,"[5, 7, 14, 8, 10, 6, 15, 12, 13, 4]"
random,0.5,29,True,10,sqrt_length_over_gravity,6.282038424491207,0.24031661852204952,"[12, 5, 10, 9, 6, 13, 8, 14, 15, 4]"
random,0.5,30,False,10,sqrt_length,2.2127763706640065,0.22752480675795156,"[12, 8, 15, 4, 9, 7, 5, 13, 14, 11]"
random,0.5,31,True,10,sqrt_length_over_gravity,6.491861836723289,0.18125514592183586,"[4, 12, 6, 13, 8, 14, 5, 9, 7, 15]"
random,0.5,32,True,10,sqrt_length_over_gravity,6.5632033196151305,0.27037221272264084,"[5, 8, 7, 11, 10, 12, 4, 6, 9, 14]"
random,0.5,33,True,10,sqrt_length_over_gravity,5.495148462291445,0.221510467230352,"[13, 6, 8, 10, 15, 12, 11, 14, 5, 9]"
random,0.5,34,True,10,sqrt_length_over_gravity,6.308678312192462,0.17161186197086872,"[12, 9, 15, 4, 8, 5, 11, 10, 6, 13]"
random,0.5,35,True,9,sqrt_length_over_gravity,5.793675674091023,0.4233494219586699,"[12, 9, 6, 11, 7, 8, 13, 10, 4]"
random,0.5,36,False,10,sqrt_length,2.1670869796344348,0.44380218470837013,"[9, 4, 5, 11, 7, 6, 14, 10, 12, 13]"
random,0.5,37,False,10,sqrt_length,1.818531459490031,0.06442115964985215,"[14, 13, 5, 15, 4, 11, 8, 10, 6, 12]"
random,0.5,38,False,10,sqrt_length,1.9085541477765342,0.13664143742440932,"[14, 10, 11, 5, 6, 8, 15, 12, 9, 4]"
random,0.5,39,True,10,sqrt_length_over_gravity,6.804681779925593,0.20048530179895568,"[7, 9, 12, 4, 10, 6, 13, 15, 5, 14]"
random,0.5,40,True,10,sqrt_length_over_gravity,6.786399260503725,0.23318832134469508,"[11, 14, 13, 4, 8, 7, 15, 6, 9, 10]"
random,0.5,41,True,10,sqrt_length_over_gravity,6.13579368428385,0.24516066120868663,"[10, 9, 7, 6, 14, 12, 15, 8, 11, 5]"
random,0.5,42,False,10,sqrt_length,2.0906822241891865,0.05797999058310469,"[14, 5, 4, 10, 9, 7, 8, 6, 11, 15]"
random,0.5,43,True,10,sqrt_length_over_gravity,6.3313667773748135,0.3012763115519129,"[4, 9, 7, 14, 12, 13, 15, 5, 11, 10]"
random,0.5,44,True,10,sqrt_length_over_gravity,6.594805493505167,0.10432708952997023,"[10, 13, 14, 5, 7, 9, 6, 11, 4, 8]"
random,0.5,45,True,10,sqrt_length_over_gravity,6.8760885243991,0.09740806317294572,"[8, 11, 13, 9, 5, 7, 10, 4, 6, 14]"
random,0.5,46,True,10,sqrt_length_over_gravity,5.960214224221395,0.2880908093867393,"[5, 11, 4, 9, 8, 13, 14, 6, 7, 10]"
random,0.5,47,False,10,sqrt_length,2.0514804642242743,0.20991161954077547,"[9, 5, 12, 15, 14, 10, 7, 8, 13, 6]"
random,0.5,48,True,10,sqrt_length_over_gravity,6.382578874686818,0.15359169019046442,"[12, 9, 6, 15, 10, 14, 11, 5, 13, 4]"
random,0.5,49,True,10,sqrt_length_over_gravity,6.942728050282468,0.1376615433552765,"[5, 10, 12, 6, 13, 15, 11, 14, 4, 9]"
random,0.5,50,True,10,sqrt_length_over_gravity,6.244254697220591,0.25738395607547665,"[11, 8, 10, 7, 15, 14, 6, 4, 12, 5]"
random,0.5,51,True,10,sqrt_length_over_gravity,6.720160650545093,0.21649256880096798,"[7, 13, 14, 6, 9, 15, 5, 12, 10, 8]"
random,0.5,52,True,10,sqrt_length_over_gravity,6.468133435608311,0.08555085291906604,"[8, 4, 14, 13, 11, 9, 5, 7, 10, 12]"
random,0.5,53,True,10,sqrt_length_over_gravity,6.4138466876352105,0.43265298104014094,"[13, 7, 12, 15, 14, 10, 9, 6, 11, 8]"
random,0.5,54,True,10,sqrt_length_over_gravity,6.350053947224791,0.38010843004690736,"[6, 12, 14, 9, 15, 8, 10, 5, 13, 7]"
random,0.5,55,True,10,sqrt_length_over_gravity,6.282598259261551,0.40816895039297507,"[5, 8, 7, 11, 6, 14, 9, 12, 4, 13]"
random,0.5,56,True,10,sqrt_length_over_gravity,5.665151740363782,0.37884956511808254,"[12, 4, 13, 15, 9, 14, 10, 8, 6, 5]"
random,0.5,57,True,10,sqrt_length_over_gravity,6.504439547047391,0.14534811780378676,"[4, 10, 15, 5, 9, 12, 8, 13, 11, 7]"
random,0.5,58,True,10,sqrt_length_over_gravity,5.94802666582501,0.2909366362653415,"[13, 7, 8, 9, 4, 6, 12, 14, 11, 10]"
random,0.5,59,True,10,sqrt_length_over_gravity,6.362646629310266,0.20034935338261206,"[7, 5, 13, 4, 9, 15, 10, 6, 8, 12]"
random,0.5,60,True,10,sqrt_length_over_gravity,6.4544516194024215,0.22865307342873148,"[8, 9, 15, 6, 11, 5, 12, 13, 10, 4]"
random,0.5,61,True,10,sqrt_length_over_gravity,6.394191868255084,0.18800601821199142,"[11, 6, 14, 8, 12, 7, 9, 4, 15, 10]"
random,0.5,62,False,10,sqrt_length,2.1579295223905786,0.22116883157829362,"[13, 6, 5, 9, 15, 8, 14, 10, 7, 12]"
random,0.5,63,True,10,sqrt_length_over_gravity,6.639825759471437,0.15387574577586863,"[11, 12, 8, 9, 15, 13, 4, 10, 5, 6]"
random,0.5,64,True,10,sqrt_length_over_gravity,6.156800736041213,0.44081073541887394,"[11, 5, 15, 12, 4, 7, 9, 8, 10, 6]"
random,0.5,65,True,10,sqrt_length_over_gravity,6.073816706626936,0.12432678339175131,"[10, 8, 9, 15, 7, 11, 12, 14, 13, 6]"
random,0.5,66,True,10,sqrt_length_over_gravity,6.434843700121622,0.20128816253060872,"[5, 9, 12, 8, 15, 7, 10, 14, 4, 13]"
random,0.5,67,True,10,sqrt_length_over_gravity,6.4366710132125755,0.19801281624694778,"[5, 6, 12, 14, 13, 8, 11, 10, 15, 9]"
random,0.5,68,False,10,sqrt_length,1.9487770195446925,0.2840093887864448,"[15, 11, 13, 5, 8, 9, 10, 7, 12, 6]"
random,0.5,69,True,10,sqrt_length_over_gravity,6.0438274444997475,0.3427026761249602,"[14, 4, 6, 8, 7, 12, 10, 11, 15, 9]"
random,0.5,70,True,10,sqrt_length_over_gravity,6.148981371922851,0.109103265275756,"[5, 9, 13, 14, 7, 8, 4, 10, 11, 15]"
random,0.5,71,True,10,sqrt_length_over_gravity,6.893332050988071,0.480771186619916,"[9, 13, 15, 4, 10, 6, 7, 11, 5, 8]"
random,0.5,72,True,10,sqrt_length_over_gravity,5.88621669819292,0.26664316784068554,"[5, 14, 7, 11, 12, 8, 15, 13, 6, 10]"
random,0.5,73,True,10,sqrt_length_over_gravity,6.023880572700145,0.09231694637936541,"[8, 5, 14, 13, 7, 10, 9, 15, 4, 11]"
random,0.5,74,True,10,sqrt_length_over_gravity,6.437166821625168,0.17551941805585183,"[13, 12, 5, 10, 6, 15, 8, 7, 9, 11]"
random,0.5,75,True,10,sqrt_length_over_gravity,6.230619599856865,0.29680162793384246,"[11, 14, 10, 13, 4, 12, 9, 8, 7, 5]"
random,0.5,76,True,10,sqrt_length_over_gravity,6.5611447023777485,0.20940707271189674,"[9, 12, 11, 7, 10, 4, 13, 6, 14, 8]"
random,0.5,77,True,10,sqrt_length_over_gravity,6.556303400709283,0.35844339504050104,"[8, 10, 7, 9, 11, 15, 4, 12, 14, 13]"
random,0.5,78,False,10,sqrt_length,2.1302968339133272,0.16365004691566135,"[7, 5, 10, 11, 14, 4, 15, 8, 13, 12]"
random,0.5,79,True,10,sqrt_length_over_gravity,6.63055711268822,0.07420152384975934,"[6, 12, 10, 7, 9, 5, 15, 13, 8, 4]"
random,0.5,80,True,10,sqrt_length_over_gravity,6.260762528573913,0.5187560757598367,"[8, 11, 14, 12, 10, 6, 13, 9, 7, 4]"
random,0.5,81,False,10,sqrt_length,1.8723058927438265,0.14603177676798573,"[12, 11, 9, 15, 13, 7, 4, 6, 8, 10]"
random,0.5,82,True,10,sqrt_length_over_gravity,5.701096053576882,0.20871823824867575,"[6, 12, 14, 9, 7, 15, 5, 10, 8, 4]"
random,0.5,83,True,10,sqrt_length_over_gravity,6.65662860727075,0.14136764801719187,"[11, 12, 5, 7, 14, 4, 6, 9, 10, 8]"
random,0.5,84,True,10,sqrt_length_over_gravity,5.895104471418879,0.1897762282697304,"[15, 8, 4, 13, 5, 11, 14, 9, 7, 10]"
random,0.5,85,True,10,sqrt_length_over_gravity,6.300749076686286,0.3598999607771246,"[7, 14, 5, 11, 9, 6, 12, 10, 8, 15]"
random,0.5,86,False,10,sqrt_length,2.1614328694497065,0.20119563433628268,"[4, 13, 10, 5, 7, 14, 12, 9, 15, 6]"
random,0.5,87,False,10,sqrt_length,2.028677310718984,0.06318959956274295,"[6, 8, 14, 5, 11, 15, 9, 13, 10, 12]"
random,0.5,88,False,10,sqrt_length,2.1462894833162247,0.3187336067177406,"[10, 7, 11, 6, 4, 13, 15, 5, 12, 14]"
random,0.5,89,True,10,sqrt_length_over_gravity,6.718988618824009,0.22611444218376212,"[5, 14, 9, 7, 12, 15, 4, 8, 13, 10]"
random,0.5,90,True,10,sqrt_length_over_gravity,5.71596535058364,0.10604548546336656,"[7, 5, 13, 10, 12, 15, 9, 14, 8, 6]"
random,0.5,91,False,10,sqrt_length,1.907574059861912,0.21261979305310058,"[5, 14, 7, 8, 13, 10, 15, 11, 12, 6]"
random,0.5,92,True,8,sqrt_length_over_gravity,5.705136561630431,0.34505082644218044,"[10, 13, 15, 14, 8, 12, 11, 4]"
random,0.5,93,True,10,sqrt_length_over_gravity,6.195497579449397,0.07878208697276831,"[11, 14, 9, 5, 6, 8, 7, 10, 15, 4]"
random,0.5,94,True,10,sqrt_length_over_gravity,6.234037760395393,0.30347462679822007,"[12, 6, 5, 10, 11, 9, 4, 14, 13, 8]"
random,0.5,95,True,10,sqrt_length_over_gravity,6.250221413018299,0.10411410819710191,"[12, 13, 14, 6, 15, 4, 7, 5, 8, 11]"
random,0.5,96,True,10,sqrt_length_over_gravity,6.260417755827448,0.18709451083120696,"[9, 10, 12, 7, 5, 15, 8, 4, 6, 11]"
random,0.5,97,True,10,sqrt_length_over_gravity,6.168376663191698,0.27069609912225856,"[7, 11, 10, 4, 5, 13, 6, 8, 14, 12]"
random,0.5,98,False,10,sqrt_length,2.0656713233774466,0.28015085861231354,"[9, 14, 4, 11, 13, 5, 10, 8, 6, 12]"
random,0.5,99,False,10,sqrt_length,1.9784120857319747,0.13231058195994677,"[10, 11, 7, 6, 9, 5, 8, 4, 14, 15]"
greedy,0.5,0,True,10,sqrt_length_over_gravity,6.046202210158944,0.15221660609473478,"[4, 5, 8, 11, 6, 7, 10, 9, 13, 14]"
greedy,0.5,1,True,10,sqrt_length_over_gravity,6.110583099385189,0.1836929605614509,"[4, 8, 5, 11, 6, 7, 10, 9, 13, 14]"
greedy,0.5,2,True,10,sqrt_length_over_gravity,6.035065484040651,0.22913337679215504,"[4, 5, 8, 11, 6, 7, 10, 9, 13, 14]"
greedy,0.5,3,True,10,sqrt_length_over_gravity,6.6175129424859085,0.15863747747412768,"[4, 11, 5, 8, 6, 7, 10, 9, 13, 14]"
greedy,0.5,4,True,10,sqrt_length_over_gravity,6.399839598334667,0.11289059742174194,"[4, 5, 8, 11, 6, 7, 10, 9, 13, 14]"
greedy,0.5,5,False,10,sqrt_length,1.8881688888869446,0.266225295633432,"[11, 4, 5, 8, 6, 7, 10, 9, 13, 14]"
greedy,0.5,6,True,10,sqrt_length_over_gravity,6.291093101574853,0.29383548789312774,"[4, 5, 8, 6, 11, 7, 10, 9, 13, 14]"
greedy,0.5,7,False,10,sqrt_length,2.083647241926628,0.1283440152022846,"[4, 5, 8, 11, 6, 7, 10, 9, 13, 14]"
greedy,0.5,8,True,10,sqrt_length_over_gravity,6.702153127524149,0.21844130832569728,"[4, 5, 8, 11, 6, 7, 10, 9, 13, 14]"
greedy,0.5,9,True,5,sqrt_length_over_gravity,6.7789112523992525,0.15367430075819213,"[4, 5, 8, 6, 11]"
greedy,0.5,10,True,10,sqrt_length_over_gravity,6.057639056418643,0.22876570215007702,"[4, 5, 8, 6, 11, 7, 10, 9, 13, 14]"
greedy,0.5,11,True,10,sqrt_length_over_gravity,6.353922351315973,0.23607239676378222,"[4, 8, 5, 11, 6, 7, 10, 9, 13, 14]"
greedy,0.5,12,True,10,sqrt_length_over_gravity,6.004579627805524,0.19987795433589228,"[4, 5, 8, 11, 6, 7, 10, 9, 13, 14]"
greedy,0.5,13,False,10,sqrt_length,2.0056217818994666,0.1425013234664292,"[4, 8, 5, 11, 6, 7, 10, 9, 13, 14]"
greedy,0.5,14,True,10,sqrt_length_over_gravity,5.948313975100516,0.2944792780086933,"[11, 12, 4, 5, 8, 6, 7, 10, 9, 13]"
greedy,0.5,15,False,10,sqrt_length,2.017837857134531,0.3814263229548122,"[4, 8, 5, 11, 6, 7, 10, 9, 13, 14]"
greedy,0.5,16,True,10,sqrt_length_over_gravity,6.3185576923332585,0.14745948311527599,"[4, 5, 8, 11, 6, 7, 10, 9, 13, 14]"
greedy,0.5,17,True,10,sqrt_length_over_gravity,6.0449303268531,0.161533598987509,"[11, 4, 5, 8, 6, 7, 10, 9, 13, 14]"
greedy,0.5,18,True,10,sqrt_length_over_gravity,6.125317447322401,0.13389459826701014,"[4, 5, 8, 11, 6, 7, 10, 9, 13, 14]"
greedy,0.5,19,False,10,sqrt_length,1.9784821360685425,0.2829144486489585,"[4, 5, 8, 11, 6, 7, 10, 9, 13, 14]"
greedy,0.5,20,False,10,sqrt_length,2.048442397647757,0.43598868047843387,"[4, 8, 5, 11, 6, 7, 10, 9, 13, 14]"
greedy,0.5,21,True,10,sqrt_length_over_gravity,6.407091320224825,0.18558086870052998,"[4, 8, 5, 11, 6, 7, 10, 9, 13, 14]"
greedy,0.5,22,True,10,sqrt_length_over_gravity,6.747257215916715,0.33204986921991425,"[11, 4, 5, 8, 6, 7, 10, 9, 13, 14]"
greedy,0.5,23,True,10,sqrt_length_over_gravity,6.449311724323379,0.18822125510446866,"[4, 8, 5, 11, 6, 7, 10, 9, 13, 14]"
greedy,0.5,24,False,1,linear_length,1.2186210673762685,0.08863593006682086,[11]
greedy,0.5,25,False,10,sqrt_length,2.208892653185805,0.2478808649291736,"[4, 8, 5, 11, 6, 7, 10, 9, 13, 14]"
greedy,0.5,26,True,5,sqrt_length_over_gravity,6.631701502881333,0.14292427039194652,"[4, 5, 8, 6, 11]"
greedy,0.5,27,True,3,sqrt_length_over_gravity,6.481032044398813,0.2544938447284814,"[11, 4, 5]"
greedy,0.5,28,True,10,sqrt_length_over_gravity,6.440031781805549,0.13077704363802992,"[4, 5, 8, 11, 6, 7, 10, 9, 13, 14]"
greedy,0.5,29,True,10,sqrt_length_over_gravity,6.172210222664502,0.23799776299728803,"[4, 8, 5, 11, 6, 7, 10, 9, 13, 14]"
greedy,0.5,30,True,10,sqrt_length_over_gravity,6.723951630701527,0.28060127245574695,"[4, 5, 8, 11, 6, 7, 10, 9, 13, 14]"
greedy,0.5,31,True,10,sqrt_length_over_gravity,6.533348746471119,0.1754511460166251,"[4, 11, 5, 8, 6, 7, 10, 9, 13, 14]"
greedy,0.5,32,True,4,sqrt_length_over_gravity,6.2533678575381275,0.30576334818487794,"[4, 11, 12, 5]"
greedy,0.5,33,True,10,sqrt_length_over_gravity,5.508907861587194,0.2203515119911531,"[4, 5, 8, 11, 6, 7, 10, 9, 13, 14]"
greedy,0.5,34,True,10,sqrt_length_over_gravity,6.0885820540055855,0.16460085753276738,"[11, 4, 5, 8, 6, 7, 10, 9, 13, 14]"
greedy,0.5,35,True,10,sqrt_length_over_gravity,5.72341204069123,0.37473373456025033,"[4, 11, 5, 8, 6, 7, 10, 9, 13, 14]"
greedy,0.5,36,False,10,sqrt_length,2.197528717521112,0.3730407132176112,"[4, 8, 5, 11, 7, 6, 10, 9, 13, 14]"
greedy,0.5,37,False,10,sqrt_length,1.8242105261813393,0.03998206769398193,"[4, 8, 5, 11, 6, 7, 10, 9, 13, 14]"
greedy,0.5,38,True,10,sqrt_length_over_gravity,5.87463286829119,0.20281499557677352,"[4, 5, 8, 11, 6, 7, 10, 9, 13, 14]"
greedy,0.5,39,True,10,sqrt_length_over_gravity,6.735519351792559,0.20396097553053588,"[4, 5, 8, 11, 6, 7, 10, 9, 13, 14]"
greedy,0.5,40,True,10,sqrt_length_over_gravity,6.785608012721429,0.2325410778244888,"[4, 5, 8, 11, 6, 7, 10, 9, 13, 14]"
greedy,0.5,41,True,10,sqrt_length_over_gravity,6.093102037549951,0.24225434837789514,"[4, 5, 8, 11, 6, 7, 10, 9, 13, 14]"
greedy,0.5,42,True,10,sqrt_length_over_gravity,6.332944592682238,0.09367960285370301,"[4, 5, 8, 6, 11, 7, 10, 9, 13, 14]"
greedy,0.5,43,True,10,sqrt_length_over_gravity,6.214234705563067,0.30080831945744796,"[4, 5, 8, 11, 6, 7, 10, 9, 13, 14]"
greedy,0.5,44,True,10,sqrt_length_over_gravity,6.555454334454,0.10865370724585838,"[4, 8, 5, 11, 6, 7, 10, 9, 13, 14]"
greedy,0.5,45,True,10,sqrt_length_over_gravity,6.879207176509634,0.09670985976322675,"[4, 5, 8, 11, 6, 7, 10, 9, 13, 14]"
greedy,0.5,46,False,10,sqrt_length,1.8818100039379093,0.24148168084062463,"[4, 5, 8, 11, 6, 7, 10, 9, 13, 14]"
greedy,0.5,47,True,10,sqrt_length_over_gravity,6.392432451814897,0.2393410172129549,"[4, 5, 8, 11, 6, 7, 10, 9, 13, 14]"
greedy,0.5,48,False,10,sqrt_length,2.0868499445814264,0.11355331776580295,"[4, 8, 5, 11, 6, 7, 10, 9, 13, 14]"
greedy,0.5,49,True,10,sqrt_length_over_gravity,6.997232049870723,0.12270509608335654,"[4, 5, 8, 11, 6, 7, 10, 9, 13, 14]"
greedy,0.5,50,False,10,sqrt_length,2.060060573184269,0.1969927763266564,"[4, 5, 8, 11, 6, 7, 10, 9, 13, 14]"
greedy,0.5,51,True,10,sqrt_length_over_gravity,6.66591164799943,0.21717758415810506,"[4, 5, 8, 11, 6, 7, 10, 9, 13, 14]"
greedy,0.5,52,False,10,sqrt_length,2.0970788957042705,0.03496510266587831,"[4, 8, 5, 11, 6, 7, 10, 9, 13, 14]"
greedy,0.5,53,True,5,sqrt_length_over_gravity,5.471955883672667,0.20818946596665294,"[4, 5, 8, 6, 11]"
greedy,0.5,54,True,10,sqrt_length_over_gravity,6.315911299244931,0.38056870336088594,"[4, 5, 8, 11, 6, 7, 10, 9, 13, 14]"
greedy,0.5,55,True,6,sqrt_length_over_gravity,7.021047510932525,0.24316923596439632,"[4, 5, 8, 6, 11, 7]"
greedy,0.5,56,True,10,sqrt_length_over_gravity,5.71642815379722,0.37700825929602017,"[4, 11, 5, 8, 6, 7, 10, 9, 13, 14]"
greedy,0.5,57,True,10,sqrt_length_over_gravity,6.640484228453201,0.13024807203364427,"[4, 8, 5, 11, 6, 7, 10, 9, 13, 14]"
greedy,0.5,58,False,10,sqrt_length,1.904813268928374,0.24697776156009768,"[4, 8, 5, 11, 6, 7, 10, 9, 13, 14]"
greedy,0.5,59,False,10,sqrt_length,2.0634282919023024,0.1788801426797107,"[4, 8, 5, 11, 6, 7, 10, 9, 13, 14]"
greedy,0.5,60,True,10,sqrt_length_over_gravity,6.565549738726368,0.21906310998673645,"[4, 5, 8, 11, 6, 7, 10, 9, 13, 14]"
greedy,0.5,61,True,10,sqrt_length_over_gravity,6.346258346362546,0.18949017753969197,"[4, 8, 5, 11, 6, 7, 10, 9, 13, 14]"
greedy,0.5,62,False,10,sqrt_length,2.174793177206947,0.20521273385697672,"[4, 5, 8, 11, 6, 7, 10, 9, 13, 14]"
greedy,0.5,63,False,10,sqrt_length,2.2042609811541305,0.12461697140981894,"[4, 8, 5, 11, 6, 7, 10, 9, 13, 14]"
greedy,0.5,64,True,10,sqrt_length_over_gravity,6.36040426779825,0.44263309304797394,"[4, 11, 5, 8, 6, 7, 10, 9, 13, 14]"
greedy,0.5,65,True,10,sqrt_length_over_gravity,6.012007932512348,0.1182056646645828,"[4, 8, 5, 11, 6, 7, 10, 9, 13, 14]"
greedy,0.5,66,True,10,sqrt_length_over_gravity,6.285149673516767,0.2047661005471152,"[4, 5, 8, 11, 6, 7, 10, 9, 13, 14]"
greedy,0.5,67,False,10,sqrt_length,2.046589907729876,0.18174255966801411,"[4, 8, 5, 11, 6, 7, 10, 9, 13, 14]"
greedy,0.5,68,True,3,sqrt_length_over_gravity,5.707028800603672,0.42761935924933264,"[11, 4, 5]"
greedy,0.5,69,True,10,sqrt_length_over_gravity,6.157692765180038,0.35012059730153344,"[4, 5, 8, 11, 6, 7, 10, 9, 13, 14]"
greedy,0.5,70,True,10,sqrt_length_over_gravity,6.010414832856636,0.0984522541005347,"[4, 5, 8, 11, 6, 7, 10, 9, 13, 14]"
greedy,0.5,71,False,10,sqrt_length,2.2064561989557028,0.4153945221845109,"[4, 8, 5, 11, 7, 6, 10, 9, 13, 14]"
greedy,0.5,72,True,10,sqrt_length_over_gravity,5.846942927393702,0.2578430782877626,"[4, 8, 5, 11, 6, 7, 10, 9, 13, 14]"
greedy,0.5,73,True,10,sqrt_length_over_gravity,6.0013594012764795,0.0899028117594672,"[4, 5, 8, 11, 6, 7, 10, 9, 13, 14]"
greedy,0.5,74,False,10,sqrt_length,2.1246098556976682,0.16037776517559427,"[4, 5, 8, 11, 6, 7, 10, 9, 13, 14]"
greedy,0.5,75,True,10,sqrt_length_over_gravity,6.109703977667835,0.2916390393542339,"[4, 5, 8, 11, 6, 7, 10, 9, 13, 14]"
greedy,0.5,76,True,10,sqrt_length_over_gravity,6.386394428265464,0.22140378771672925,"[4, 5, 8, 11, 6, 7, 10, 9, 13, 14]"
greedy,0.5,77,True,2,sqrt_length_over_gravity,6.808081082485474,0.19795391628682424,"[4, 5]"
greedy,0.5,78,True,10,sqrt_length_over_gravity,6.427934419390831,0.19661384758536407,"[4, 8, 5, 11, 6, 7, 10, 9, 13, 14]"
greedy,0.5,79,True,10,sqrt_length_over_gravity,6.514533885725366,0.08258738669841933,"[4, 5, 8, 11, 6, 7, 10, 9, 13, 14]"
greedy,0.5,80,False,10,sqrt_length,1.9599468834078206,0.49563583080228596,"[4, 8, 5, 11, 6, 7, 10, 9, 13, 14]"
greedy,0.5,81,True,10,sqrt_length_over_gravity,5.6223100083395865,0.13021765965595933,"[4, 5, 8, 11, 6, 7, 10, 9, 13, 14]"
greedy,0.5,82,True,10,sqrt_length_over_gravity,5.865680661678864,0.22842525333377348,"[12, 11, 4, 5, 8, 6, 7, 10, 9, 13]"
greedy,0.5,83,True,10,sqrt_length_over_gravity,6.6378455375463945,0.14339613017636738,"[4, 5, 8, 11, 6, 7, 10, 9, 13, 14]"
greedy,0.5,84,True,10,sqrt_length_over_gravity,6.0148644803271525,0.20431177542294934,"[11, 4, 5, 8, 6, 7, 10, 9, 13, 14]"
greedy,0.5,85,True,10,sqrt_length_over_gravity,6.355039522406068,0.35898308346973057,"[4, 5, 8, 11, 6, 7, 10, 9, 13, 14]"
greedy,0.5,86,False,10,sqrt_length,2.047239969710907,0.24085533830865088,"[4, 8, 5, 11, 6, 7, 10, 9, 13, 14]"
greedy,0.5,87,True,10,sqrt_length_over_gravity,6.187288056542237,0.08475275018961176,"[4, 8, 5, 11, 6, 7, 10, 9, 13, 14]"
greedy,0.5,88,False,10,sqrt_length,2.2161721887583616,0.24397723403924915,"[4, 8, 5, 11, 6, 7, 10, 9, 13, 14]"
greedy,0.5,89,True,10,sqrt_length_over_gravity,6.619784404027786,0.23350479212262287,"[4, 8, 5, 11, 6, 7, 10, 9, 13, 14]"
greedy,0.5,90,True,10,sqrt_length_over_gravity,5.753917522606597,0.10092679198411363,"[4, 8, 5, 11, 6, 7, 10, 9, 13, 14]"
greedy,0.5,91,False,10,sqrt_length,1.930793049331384,0.20888939788303343,"[4, 8, 5, 11, 6, 7, 10, 9, 13, 14]"
greedy,0.5,92,True,10,sqrt_length_over_gravity,5.44406685508809,0.395610863460163,"[4, 5, 8, 6, 11, 7, 10, 9, 13, 14]"
greedy,0.5,93,True,10,sqrt_length_over_gravity,6.257237479684036,0.08010320221979723,"[4, 5, 8, 11, 6, 7, 10, 9, 13, 14]"
greedy,0.5,94,True,5,sqrt_length_over_gravity,6.497776369366964,0.11212816865781969,"[4, 5, 8, 6, 11]"
greedy,0.5,95,True,10,sqrt_length_over_gravity,6.3066714396809695,0.10418503309421162,"[4, 5, 8, 11, 6, 7, 10, 9, 13, 14]"
greedy,0.5,96,True,10,sqrt_length_over_gravity,6.234603467936644,0.1867456530680296,"[4, 5, 8, 6, 11, 7, 10, 9, 13, 14]"
greedy,0.5,97,True,10,sqrt_length_over_gravity,6.232178765760184,0.2725332046264537,"[11, 4, 5, 8, 6, 7, 10, 9, 13, 14]"
greedy,0.5,98,False,10,sqrt_length,2.0818062366034598,0.2747925706530733,"[4, 5, 8, 11, 6, 7, 10, 9, 13, 14]"
greedy,0.5,99,True,6,sqrt_length_over_gravity,6.017752770679476,0.24068871365462494,"[4, 5, 8, 11, 6, 7]"
disagreement,0.5,0,True,10,sqrt_length_over_gravity,6.009466891718267,0.15074005981157323,"[11, 12, 4, 5, 8, 6, 7, 13, 14, 15]"
disagreement,0.5,1,True,10,sqrt_length_over_gravity,6.123373424398687,0.18519450021744843,"[11, 12, 4, 5, 8, 6, 7, 13, 14, 15]"
disagreement,0.5,2,False,10,sqrt_length,1.979352930735106,0.20651442841643564,"[11, 12, 4, 5, 8, 6, 7, 13, 14, 15]"
disagreement,0.5,3,True,10,sqrt_length_over_gravity,6.734829496307682,0.14687259706597935,"[11, 12, 4, 5, 8, 6, 7, 13, 14, 15]"
disagreement,0.5,4,True,8,sqrt_length_over_gravity,6.385666826171699,0.1327614751836747,"[11, 12, 4, 5, 8, 6, 7, 13]"
disagreement,0.5,5,True,10,sqrt_length_over_gravity,5.731395925193701,0.2906594210581549,"[11, 12, 4, 5, 8, 6, 7, 13, 14, 15]"
disagreement,0.5,6,False,10,sqrt_length,2.0115741503107665,0.25734920979271503,"[11, 12, 4, 5, 8, 6, 7, 13, 14, 15]"
disagreement,0.5,7,True,10,sqrt_length_over_gravity,6.296247109683005,0.13280218814213268,"[11, 12, 4, 5, 8, 6, 7, 13, 14, 15]"
disagreement,0.5,8,True,10,sqrt_length_over_gravity,6.865707586208864,0.19691019713605187,"[11, 12, 4, 5, 8, 6, 7, 13, 14, 15]"
disagreement,0.5,9,True,10,sqrt_length_over_gravity,6.639145759940844,0.16030852672082332,"[11, 12, 4, 5, 8, 6, 7, 13, 14, 10]"
disagreement,0.5,10,False,10,sqrt_length,1.9595348814665299,0.18608806784313978,"[11, 12, 4, 5, 8, 6, 7, 13, 14, 15]"
disagreement,0.5,11,True,10,sqrt_length_over_gravity,6.332725773530327,0.23661982950253627,"[11, 12, 4, 5, 8, 6, 7, 13, 14, 15]"
disagreement,0.5,12,True,10,sqrt_length_over_gravity,5.9946991610212255,0.201106909764713,"[11, 12, 4, 5, 8, 6, 7, 13, 14, 15]"
disagreement,0.5,13,True,10,sqrt_length_over_gravity,5.999485749040796,0.1404917962809097,"[11, 12, 4, 5, 8, 6, 7, 13, 14, 15]"
disagreement,0.5,14,True,10,sqrt_length_over_gravity,5.943376038972116,0.2965813079613812,"[11, 12, 4, 5, 8, 6, 7, 13, 14, 15]"
disagreement,0.5,15,True,6,sqrt_length_over_gravity,6.476508905094511,0.2540257364879779,"[11, 12, 4, 5, 8, 6]"
disagreement,0.5,16,True,10,sqrt_length_over_gravity,6.430884833768373,0.14418590759749758,"[11, 12, 4, 5, 8, 6, 7, 13, 14, 15]"
disagreement,0.5,17,True,10,sqrt_length_over_gravity,5.970044586048598,0.15491153514630288,"[11, 12, 4, 5, 8, 6, 7, 13, 14, 10]"
disagreement,0.5,18,True,10,sqrt_length_over_gravity,6.235597490515647,0.13822328711714496,"[11, 12, 4, 5, 8, 6, 7, 13, 14, 15]"
disagreement,0.5,19,True,3,sqrt_length_over_gravity,5.77564071286712,0.6094324464550712,"[11, 12, 4]"
disagreement,0.5,20,True,4,sqrt_length_over_gravity,6.259111396787575,0.4231027456465254,"[11, 12, 4, 5]"
disagreement,0.5,21,True,5,sqrt_length_over_gravity,6.348845385003743,0.2562985154792102,"[11, 12, 4, 5, 8]"
disagreement,0.5,22,True,10,sqrt_length_over_gravity,6.767827413471971,0.3311376842419035,"[11, 12, 4, 5, 8, 6, 7, 13, 10, 14]"
disagreement,0.5,23,False,10,sqrt_length,2.113361769532122,0.18065623654347715,"[11, 12, 4, 5, 8, 6, 7, 13, 14, 15]"
disagreement,0.5,24,False,1,linear_length,1.2186210673762685,0.08863593006682086,[11]
disagreement,0.5,25,True,10,sqrt_length_over_gravity,6.552998487233515,0.3252880513536552,"[11, 12, 4, 5, 8, 6, 7, 13, 14, 15]"
disagreement,0.5,26,True,10,sqrt_length_over_gravity,6.378022442039275,0.26685385339131995,"[11, 12, 4, 5, 8, 6, 7, 13, 14, 10]"
disagreement,0.5,27,True,10,sqrt_length_over_gravity,6.522752708029532,0.24228276692059642,"[11, 12, 4, 5, 8, 6, 7, 13, 14, 15]"
disagreement,0.5,28,True,10,sqrt_length_over_gravity,6.379248833204221,0.13392503886428378,"[11, 12, 4, 5, 8, 6, 7, 13, 14, 15]"
disagreement,0.5,29,False,10,sqrt_length,2.052758308121829,0.20037934572503718,"[11, 12, 4, 5, 8, 6, 7, 13, 14, 15]"
disagreement,0.5,30,True,10,sqrt_length_over_gravity,6.829575315079254,0.26916066132773064,"[11, 12, 4, 5, 8, 6, 7, 13, 14, 15]"
disagreement,0.5,31,True,10,sqrt_length_over_gravity,6.5322163308722345,0.17725960558366188,"[11, 12, 4, 5, 8, 6, 7, 13, 14, 15]"
disagreement,0.5,32,True,10,sqrt_length_over_gravity,6.72118453215692,0.25396986220447226,"[11, 12, 4, 5, 8, 6, 7, 13, 14, 15]"
disagreement,0.5,33,True,10,sqrt_length_over_gravity,5.493816455591603,0.22323687658419084,"[11, 12, 4, 5, 8, 6, 7, 13, 10, 14]"
disagreement,0.5,34,True,10,sqrt_length_over_gravity,6.038670382091836,0.1621146069711109,"[11, 12, 4, 5, 8, 6, 7, 13, 14, 15]"
disagreement,0.5,35,True,3,sqrt_length_over_gravity,5.829055807294448,0.5173254237624496,"[11, 12, 4]"
disagreement,0.5,36,False,10,sqrt_length,2.147626285749541,0.44223365527614883,"[11, 12, 4, 5, 8, 6, 7, 13, 14, 15]"
disagreement,0.5,37,True,10,sqrt_length_over_gravity,5.427829072571614,0.04293095434284504,"[11, 12, 4, 5, 8, 6, 7, 13, 14, 15]"
disagreement,0.5,38,True,10,sqrt_length_over_gravity,5.788943288822728,0.19495176566156597,"[11, 12, 4, 5, 8, 6, 7, 13, 14, 15]"
disagreement,0.5,39,False,10,sqrt_length,2.241287789036718,0.16704579001094602,"[11, 12, 4, 5, 8, 6, 7, 13, 14, 15]"
disagreement,0.5,40,True,10,sqrt_length_over_gravity,6.744496161644272,0.2458422692891322,"[11, 12, 4, 5, 8, 6, 7, 13, 14, 15]"
disagreement,0.5,41,False,10,sqrt_length,2.087049769194929,0.23111391217233923,"[11, 12, 4, 5, 8, 6, 7, 10, 13, 14]"
disagreement,0.5,42,False,10,sqrt_length,2.088800209202598,0.06993416342786386,"[11, 12, 4, 5, 8, 6, 7, 13, 14, 15]"
disagreement,0.5,43,False,10,sqrt_length,2.0637796495509666,0.22994744263178873,"[11, 12, 4, 5, 8, 7, 6, 13, 14, 10]"
disagreement,0.5,44,True,10,sqrt_length_over_gravity,6.45918340882756,0.11763010545112579,"[11, 12, 4, 5, 8, 6, 7, 13, 14, 15]"
disagreement,0.5,45,False,10,sqrt_length,2.2535129467422204,0.08748345979594568,"[11, 12, 4, 5, 8, 6, 7, 13, 14, 15]"
disagreement,0.5,46,True,10,sqrt_length_over_gravity,5.835977942315109,0.27556181958527176,"[11, 12, 4, 5, 8, 6, 7, 13, 14, 15]"
disagreement,0.5,47,True,10,sqrt_length_over_gravity,6.387323991243526,0.23984391496768892,"[11, 12, 4, 5, 8, 6, 7, 13, 14, 15]"
disagreement,0.5,48,True,10,sqrt_length_over_gravity,6.341838998246292,0.15487906127581327,"[11, 12, 4, 5, 8, 6, 7, 13, 14, 15]"
disagreement,0.5,49,True,10,sqrt_length_over_gravity,7.032192959686752,0.12847009782290789,"[11, 12, 4, 5, 8, 6, 7, 13, 14, 15]"
disagreement,0.5,50,True,10,sqrt_length_over_gravity,6.275513978311988,0.25764205604558815,"[11, 12, 4, 5, 8, 6, 7, 13, 14, 15]"
disagreement,0.5,51,True,7,sqrt_length_over_gravity,7.224555313403497,0.09399210303662128,"[11, 12, 4, 5, 8, 6, 7]"
disagreement,0.5,52,True,10,sqrt_length_over_gravity,6.290759303136505,0.09178793766162183,"[11, 12, 4, 5, 8, 6, 7, 13, 14, 15]"
disagreement,0.5,53,True,10,sqrt_length_over_gravity,6.137840086652343,0.43226390469843007,"[11, 12, 4, 5, 8, 6, 7, 13, 14, 15]"
disagreement,0.5,54,False,10,sqrt_length,2.0388012729636,0.333528720521428,"[11, 12, 4, 5, 8, 6, 7, 13, 14, 15]"
disagreement,0.5,55,False,7,sqrt_length,2.214030367879296,0.3010637088646452,"[11, 12, 4, 5, 8, 7, 6]"
disagreement,0.5,56,False,10,sqrt_length,1.8698376186838364,0.302784913918241,"[11, 12, 4, 5, 8, 7, 6, 13, 14, 10]"
disagreement,0.5,57,True,10,sqrt_length_over_gravity,6.6025108762351925,0.1378847952350715,"[11, 12, 4, 5, 8, 6, 7, 13, 14, 15]"
disagreement,0.5,58,True,10,sqrt_length_over_gravity,5.743395856765147,0.2644249437560992,"[11, 12, 4, 5, 8, 6, 7, 13, 14, 15]"
disagreement,0.5,59,False,10,sqrt_length,2.0781691203827912,0.19118346858302143,"[11, 12, 4, 5, 8, 6, 7, 13, 14, 15]"
disagreement,0.5,60,True,10,sqrt_length_over_gravity,6.75075258328298,0.19890950270349864,"[11, 12, 4, 5, 8, 6, 7, 13, 14, 15]"
disagreement,0.5,61,True,10,sqrt_length_over_gravity,6.332149462170946,0.18985363201148703,"[11, 12, 4, 5, 8, 6, 7, 13, 14, 15]"
disagreement,0.5,62,True,10,sqrt_length_over_gravity,6.701866896924251,0.24938369004344832,"[11, 12, 4, 5, 8, 6, 7, 13, 14, 15]"
disagreement,0.5,63,True,10,sqrt_length_over_gravity,6.671608996311442,0.15312409358827533,"[11, 12, 4, 5, 8, 6, 7, 13, 14, 15]"
disagreement,0.5,64,True,10,sqrt_length_over_gravity,6.160959313531454,0.4413527913486431,"[11, 12, 4, 5, 8, 6, 7, 13, 14, 15]"
disagreement,0.5,65,True,10,sqrt_length_over_gravity,5.998903199386395,0.11905293403211234,"[11, 12, 4, 5, 8, 6, 7, 13, 14, 15]"
disagreement,0.5,66,True,10,sqrt_length_over_gravity,6.615026823113767,0.18705312827386283,"[11, 12, 4, 5, 8, 6, 7, 13, 14, 15]"
disagreement,0.5,67,False,10,sqrt_length,2.0856321587842976,0.19549321927378985,"[11, 12, 4, 5, 8, 6, 7, 13, 14, 15]"
disagreement,0.5,68,True,10,sqrt_length_over_gravity,5.7416647381665245,0.2821876958664869,"[11, 12, 4, 5, 8, 6, 7, 13, 14, 15]"
disagreement,0.5,69,True,5,sqrt_length_over_gravity,6.6889172968579365,0.31097074206620223,"[11, 12, 4, 5, 8]"
disagreement,0.5,70,True,10,sqrt_length_over_gravity,6.100202127694535,0.10707675931367379,"[11, 12, 4, 5, 8, 6, 7, 13, 14, 15]"
disagreement,0.5,71,False,3,sqrt_length,2.2293582405206815,0.6332388866554893,"[11, 12, 4]"
disagreement,0.5,72,True,10,sqrt_length_over_gravity,5.8794386197300845,0.26490037092508917,"[11, 12, 4, 5, 8, 6, 7, 13, 10, 14]"
disagreement,0.5,73,True,10,sqrt_length_over_gravity,5.971405503201077,0.08922239739900176,"[11, 12, 4, 5, 8, 6, 7, 13, 14, 15]"
disagreement,0.5,74,True,4,sqrt_length_over_gravity,6.742212091176164,0.19092754518588492,"[11, 12, 4, 5]"
disagreement,0.5,75,False,10,sqrt_length,2.101592758271189,0.245215948615277,"[11, 12, 4, 5, 8, 6, 7, 13, 10, 14]"
disagreement,0.5,76,False,10,sqrt_length,2.1293336201035094,0.206282757749718,"[11, 12, 4, 5, 8, 6, 7, 13, 14, 15]"
disagreement,0.5,77,True,10,sqrt_length_over_gravity,6.822444830569876,0.3204913861694313,"[11, 12, 4, 5, 8, 6, 7, 13, 14, 10]"
disagreement,0.5,78,True,10,sqrt_length_over_gravity,6.413474975263156,0.1978285986541575,"[11, 12, 4, 5, 8, 6, 7, 13, 14, 15]"
disagreement,0.5,79,False,10,sqrt_length,2.1787987912617965,0.06657846519715638,"[11, 12, 4, 5, 8, 6, 7, 13, 14, 15]"
disagreement,0.5,80,True,10,sqrt_length_over_gravity,5.960283491040068,0.5020750455652224,"[11, 12, 4, 5, 8, 6, 7, 13, 14, 15]"
disagreement,0.5,81,False,10,sqrt_length,1.8539519152432336,0.1222744746637534,"[11, 12, 4, 5, 8, 6, 7, 13, 14, 15]"
disagreement,0.5,82,True,10,sqrt_length_over_gravity,5.834018426908026,0.22811158557769165,"[12, 11, 4, 5, 8, 6, 7, 13, 14, 15]"
disagreement,0.5,83,True,10,sqrt_length_over_gravity,6.664336672091978,0.14371264950715845,"[11, 12, 4, 5, 8, 6, 7, 13, 14, 15]"
disagreement,0.5,84,True,10,sqrt_length_over_gravity,5.995880502569459,0.2032964212001138,"[11, 12, 4, 5, 8, 6, 7, 13, 14, 10]"
disagreement,0.5,85,True,10,sqrt_length_over_gravity,6.532073703739525,0.349019303161262,"[11, 12, 4, 5, 8, 6, 7, 13, 10, 14]"
disagreement,0.5,86,True,10,sqrt_length_over_gravity,6.381505044567613,0.24230091627232764,"[11, 12, 4, 5, 8, 6, 7, 13, 14, 15]"
disagreement,0.5,87,True,10,sqrt_length_over_gravity,6.219613520329518,0.08583435623295138,"[11, 12, 4, 5, 8, 6, 7, 13, 14, 15]"
disagreement,0.5,88,True,10,sqrt_length_over_gravity,6.642107344742545,0.31024863223767496,"[11, 12, 4, 5, 8, 6, 7, 13, 14, 15]"
disagreement,0.5,89,False,10,sqrt_length,2.1931741096308266,0.1408963770622359,"[11, 12, 4, 5, 8, 6, 7, 13, 14, 15]"
disagreement,0.5,90,False,10,sqrt_length,1.8980747090077033,0.09042485211329193,"[11, 12, 4, 5, 8, 6, 7, 13, 14, 15]"
disagreement,0.5,91,True,10,sqrt_length_over_gravity,5.857121083566037,0.2363563174708299,"[11, 12, 4, 5, 8, 6, 7, 13, 14, 15]"
disagreement,0.5,92,False,10,sqrt_length,1.7365832356540238,0.3391752474252983,"[11, 12, 4, 5, 8, 6, 7, 13, 14, 15]"
disagreement,0.5,93,True,10,sqrt_length_over_gravity,6.1947563501423035,0.07897211257445555,"[11, 12, 4, 5, 8, 6, 7, 13, 14, 15]"
disagreement,0.5,94,True,10,sqrt_length_over_gravity,6.308452310264469,0.303818550641662,"[11, 12, 4, 5, 8, 6, 7, 13, 14, 15]"
disagreement,0.5,95,True,10,sqrt_length_over_gravity,6.335249350399041,0.10385286425943992,"[11, 12, 4, 5, 8, 6, 7, 13, 14, 15]"
disagreement,0.5,96,False,10,sqrt_length,2.0273353314523583,0.14828299611454024,"[11, 12, 4, 5, 8, 6, 7, 13, 14, 15]"
disagreement,0.5,97,True,10,sqrt_length_over_gravity,6.168755336091601,0.2709167753342115,"[12, 11, 4, 5, 8, 6, 7, 13, 14, 15]"
disagreement,0.5,98,True,10,sqrt_length_over_gravity,6.404648806678469,0.2805164026722389,"[11, 12, 4, 5, 8, 6, 7, 13, 14, 15]"
disagreement,0.5,99,False,10,sqrt_length,1.974185823303729,0.1335461947087316,"[11, 12, 4, 5, 8, 6, 7, 13, 10, 14]"
information_gain,0.5,0,True,10,sqrt_length_over_gravity,5.959580647283339,0.14307273348229207,"[4, 11, 5, 8, 6, 7, 10, 9, 13, 14]"
information_gain,0.5,1,False,10,sqrt_length,1.9792505121290962,0.15550745741096123,"[12, 4, 8, 5, 11, 6, 7, 10, 9, 13]"
information_gain,0.5,2,True,10,sqrt_length_over_gravity,6.10282880003719,0.23460079165441433,"[4, 11, 5, 8, 6, 7, 10, 9, 13, 14]"
information_gain,0.5,3,False,10,sqrt_length,2.1881685150286123,0.11844533977703689,"[11, 4, 5, 8, 6, 7, 10, 9, 13, 14]"
information_gain,0.5,4,True,10,sqrt_length_over_gravity,6.299408701313623,0.11540352480604602,"[11, 4, 5, 8, 6, 7, 10, 9, 13, 14]"
information_gain,0.5,5,False,10,sqrt_length,1.9459557723700711,0.22010749017934206,"[4, 11, 5, 6, 8, 7, 10, 9, 13, 14]"
information_gain,0.5,6,True,10,sqrt_length_over_gravity,6.39124374526211,0.29164850273321047,"[4, 11, 5, 8, 6, 7, 10, 9, 13, 14]"
information_gain,0.5,7,True,10,sqrt_length_over_gravity,6.21939891789476,0.1320794296119404,"[4, 11, 5, 8, 12, 6, 7, 10, 9, 13]"
information_gain,0.5,8,True,10,sqrt_length_over_gravity,6.69413148316799,0.21969490270287384,"[4, 11, 5, 8, 6, 7, 10, 9, 13, 14]"
information_gain,0.5,9,True,5,sqrt_length_over_gravity,6.7789112523992525,0.15367430075819213,"[4, 5, 8, 6, 11]"
information_gain,0.5,10,False,10,sqrt_length,2.0039173631702303,0.22327374801714017,"[4, 11, 5, 6, 8, 7, 13, 14, 15, 10]"
information_gain,0.5,11,True,10,sqrt_length_over_gravity,6.196971800455586,0.23561499789133825,"[4, 11, 5, 8, 6, 7, 10, 9, 13, 14]"
information_gain,0.5,12,True,10,sqrt_length_over_gravity,6.095972572971161,0.20789454794177376,"[4, 11, 5, 8, 6, 7, 10, 9, 13, 14]"
information_gain,0.5,13,True,10,sqrt_length_over_gravity,5.994868839435392,0.13876333733497032,"[11, 12, 4, 8, 5, 7, 10, 6, 13, 14]"
information_gain,0.5,14,True,10,sqrt_length_over_gravity,6.190449059195743,0.3135701535098878,"[12, 4, 11, 5, 8, 6, 7, 10, 9, 13]"
information_gain,0.5,15,False,10,sqrt_length,2.0003795963305957,0.36807801935385304,"[4, 11, 5, 8, 6, 7, 10, 12, 9, 13]"
information_gain,0.5,16,True,10,sqrt_length_over_gravity,6.366021779130103,0.1464029680576206,"[11, 4, 5, 8, 6, 7, 10, 9, 13, 14]"
information_gain,0.5,17,False,10,sqrt_length,1.9715236964312914,0.15956458958211103,"[4, 11, 5, 6, 8, 13, 7, 10, 9, 14]"
information_gain,0.5,18,True,10,sqrt_length_over_gravity,6.250670591117341,0.13838849379694326,"[11, 4, 5, 8, 6, 7, 10, 9, 13, 14]"
information_gain,0.5,19,True,10,sqrt_length_over_gravity,5.889329957753011,0.3194040823924017,"[4, 11, 5, 12, 8, 6, 10, 7, 13, 14]"
information_gain,0.5,20,False,10,sqrt_length,2.0010211465003604,0.41302004421996824,"[4, 11, 5, 8, 6, 7, 10, 9, 13, 14]"
information_gain,0.5,21,True,10,sqrt_length_over_gravity,6.573723847180236,0.172907527393363,"[12, 4, 11, 5, 8, 6, 7, 10, 9, 13]"
information_gain,0.5,22,True,10,sqrt_length_over_gravity,6.726445053245615,0.3356057223740322,"[4, 11, 5, 8, 6, 7, 10, 9, 13, 14]"
information_gain,0.5,23,True,10,sqrt_length_over_gravity,6.418019189446092,0.18999467059798147,"[4, 11, 5, 8, 6, 7, 10, 9, 13, 14]"
information_gain,0.5,24,False,1,linear_length,1.2186210673762685,0.08863593006682086,[11]
information_gain,0.5,25,False,10,sqrt_length,2.1712580926482272,0.2368692779756675,"[4, 11, 5, 8, 7, 6, 10, 9, 13, 14]"
information_gain,0.5,26,True,4,sqrt_length_over_gravity,6.7321715710903325,0.14515897891710114,"[4, 5, 8, 11]"
information_gain,0.5,27,True,10,sqrt_length_over_gravity,6.679567949739893,0.22192868397635185,"[4, 11, 5, 8, 6, 7, 10, 9, 13, 14]"
information_gain,0.5,28,True,6,sqrt_length_over_gravity,6.214035332079105,0.12772224685589065,"[11, 4, 5, 8, 6, 7]"
information_gain,0.5,29,True,10,sqrt_length_over_gravity,6.294853667780691,0.24029118270247452,"[4, 11, 5, 8, 6, 7, 10, 9, 13, 14]"
information_gain,0.5,30,True,10,sqrt_length_over_gravity,6.723951630701527,0.28060127245574695,"[4, 5, 8, 11, 6, 7, 10, 9, 13, 14]"
information_gain,0.5,31,True,10,sqrt_length_over_gravity,6.5728037505881325,0.17144080836282935,"[11, 4, 5, 8, 6, 7, 10, 9, 13, 14]"
information_gain,0.5,32,False,10,sqrt_length,2.1555013380084582,0.21227413702122203,"[11, 4, 5, 8, 7, 6, 10, 9, 13, 14]"
information_gain,0.5,33,True,10,sqrt_length_over_gravity,5.361875415496086,0.17340602051001136,"[4, 11, 5, 6, 8, 7, 13, 9, 14, 10]"
information_gain,0.5,34,False,10,sqrt_length,2.040570766003051,0.13823423710088772,"[4, 11, 5, 6, 8, 7, 9, 10, 13, 14]"
information_gain,0.5,35,True,10,sqrt_length_over_gravity,5.72341204069123,0.37473373456025033,"[4, 11, 5, 8, 6, 7, 10, 9, 13, 14]"
information_gain,0.5,36,False,10,sqrt_length,2.197528717521112,0.3730407132176112,"[4, 8, 5, 11, 7, 6, 10, 9, 13, 14]"
information_gain,0.5,37,True,10,sqrt_length_over_gravity,5.5693716335413415,0.06467482974467799,"[11, 4, 5, 8, 6, 7, 10, 9, 13, 14]"
information_gain,0.5,38,True,10,sqrt_length_over_gravity,5.83618951270314,0.1966216354933013,"[4, 5, 11, 8, 6, 7, 10, 9, 13, 14]"
information_gain,0.5,39,True,10,sqrt_length_over_gravity,6.641755753854039,0.2187824755291246,"[4, 11, 5, 8, 6, 7, 10, 9, 13, 12]"
information_gain,0.5,40,True,10,sqrt_length_over_gravity,6.787649295039487,0.23215404819138488,"[4, 5, 8, 6, 11, 7, 10, 9, 13, 14]"
information_gain,0.5,41,True,10,sqrt_length_over_gravity,6.137824290176347,0.2450792583580056,"[4, 5, 8, 6, 11, 7, 10, 9, 13, 14]"
information_gain,0.5,42,True,10,sqrt_length_over_gravity,6.3521016746393695,0.09325149664108098,"[4, 8, 5, 11, 6, 7, 10, 9, 13, 14]"
information_gain,0.5,43,True,10,sqrt_length_over_gravity,6.22578247278225,0.30108307446752086,"[4, 11, 5, 8, 6, 7, 10, 9, 13, 14]"
information_gain,0.5,44,True,10,sqrt_length_over_gravity,6.550149769388503,0.10919233308104465,"[4, 11, 5, 8, 6, 7, 10, 9, 13, 14]"
information_gain,0.5,45,True,10,sqrt_length_over_gravity,6.877958727582532,0.09698980200217591,"[4, 8, 5, 11, 6, 7, 10, 9, 13, 14]"
information_gain,0.5,46,True,10,sqrt_length_over_gravity,5.921129747628585,0.2835630987465659,"[11, 4, 8, 12, 5, 6, 7, 10, 9, 13]"
information_gain,0.5,47,False,10,sqrt_length,2.0628614739648374,0.21924967677073892,"[11, 4, 5, 8, 6, 7, 10, 9, 13, 14]"
information_gain,0.5,48,False,10,sqrt_length,2.101912463419486,0.11713671202385947,"[4, 11, 5, 8, 6, 7, 10, 9, 13, 14]"
information_gain,0.5,49,True,10,sqrt_length_over_gravity,6.997232049870723,0.12270509608335654,"[4, 5, 8, 11, 6, 7, 10, 9, 13, 14]"
information_gain,0.5,50,True,10,sqrt_length_over_gravity,6.003772497315914,0.24386858196680672,"[4, 11, 12, 5, 8, 10, 6, 7, 13, 14]"
information_gain,0.5,51,True,10,sqrt_length_over_gravity,6.66591164799943,0.21717758415810506,"[4, 5, 8, 11, 6, 7, 10, 9, 13, 14]"
information_gain,0.5,52,False,10,sqrt_length,2.1088942845455194,0.03741622360897047,"[4, 11, 5, 8, 6, 7, 10, 9, 13, 14]"
information_gain,0.5,53,True,10,sqrt_length_over_gravity,6.299768283302602,0.4356103249966904,"[4, 11, 5, 8, 6, 7, 9, 10, 13, 14]"
information_gain,0.5,54,True,6,sqrt_length_over_gravity,5.900637929994667,0.16460197169576501,"[11, 4, 5, 8, 6, 7]"
information_gain,0.5,55,True,9,sqrt_length_over_gravity,6.2452121827171565,0.4293147555301706,"[12, 4, 11, 8, 5, 6, 7, 10, 9]"
information_gain,0.5,56,True,10,sqrt_length_over_gravity,5.708260309949743,0.37525230510990554,"[11, 4, 5, 8, 6, 7, 10, 9, 13, 14]"
information_gain,0.5,57,True,10,sqrt_length_over_gravity,6.640484228453201,0.13024807203364427,"[4, 8, 5, 11, 6, 7, 10, 9, 13, 14]"
information_gain,0.5,58,True,10,sqrt_length_over_gravity,5.72437992904234,0.25616735362966525,"[11, 4, 12, 5, 8, 6, 10, 7, 13, 14]"
information_gain,0.5,59,True,10,sqrt_length_over_gravity,6.362325982722322,0.20016068738775397,"[12, 4, 5, 8, 11, 6, 7, 10, 9, 13]"
information_gain,0.5,60,False,10,sqrt_length,2.145362301373233,0.16487298142942206,"[11, 4, 5, 8, 6, 7, 10, 9, 13, 14]"
information_gain,0.5,61,True,10,sqrt_length_over_gravity,6.370333167155742,0.18880916679614018,"[4, 11, 5, 8, 6, 7, 10, 9, 13, 14]"
information_gain,0.5,62,True,10,sqrt_length_over_gravity,6.576711834738332,0.2613576112116377,"[4, 11, 5, 8, 6, 7, 10, 9, 13, 14]"
information_gain,0.5,63,False,10,sqrt_length,2.2263911256300006,0.12041097586007873,"[4, 11, 5, 8, 6, 7, 10, 9, 13, 14]"
information_gain,0.5,64,True,2,sqrt_length_over_gravity,6.498155697208435,0.7743700539999452,"[11, 4]"
information_gain,0.5,65,True,10,sqrt_length_over_gravity,5.969595141667894,0.11353540904827056,"[4, 11, 5, 8, 6, 7, 10, 9, 13, 14]"
information_gain,0.5,66,True,10,sqrt_length_over_gravity,6.521944115384076,0.1940323882743016,"[11, 4, 5, 8, 6, 7, 10, 9, 13, 14]"
information_gain,0.5,67,True,10,sqrt_length_over_gravity,6.30155665117855,0.20218911256919916,"[4, 8, 5, 11, 12, 6, 7, 10, 9, 13]"
information_gain,0.5,68,False,10,sqrt_length,1.9667843133036516,0.2783043109119659,"[4, 11, 5, 6, 8, 7, 10, 13, 9, 14]"
information_gain,0.5,69,True,10,sqrt_length_over_gravity,6.200710809279807,0.3518585686980841,"[4, 5, 8, 11, 6, 7, 10, 13, 14, 15]"
information_gain,0.5,70,True,10,sqrt_length_over_gravity,6.0761265005262795,0.10438956483879049,"[11, 4, 5, 8, 6, 7, 10, 9, 13, 14]"
information_gain,0.5,71,True,4,sqrt_length_over_gravity,6.8410975773670755,0.7871830109989503,"[4, 5, 8, 11]"
information_gain,0.5,72,True,10,sqrt_length_over_gravity,5.774640510564344,0.24497992788452444,"[4, 11, 5, 8, 6, 7, 10, 9, 13, 14]"
information_gain,0.5,73,False,10,sqrt_length,1.9488337489555114,0.08653516369777167,"[11, 4, 5, 8, 6, 7, 12, 10, 9, 13]"
information_gain,0.5,74,False,10,sqrt_length,2.1246098556976682,0.16037776517559427,"[4, 5, 8, 11, 6, 7, 10, 9, 13, 14]"
information_gain,0.5,75,True,10,sqrt_length_over_gravity,6.122815509671516,0.29246330429728495,"[4, 5, 11, 8, 6, 7, 10, 9, 13, 14]"
information_gain,0.5,76,True,5,sqrt_length_over_gravity,6.491461528998698,0.332366446736464,"[4, 8, 5, 11, 6]"
information_gain,0.5,77,True,2,sqrt_length_over_gravity,6.808081082485474,0.19795391628682424,"[4, 5]"
information_gain,0.5,78,True,10,sqrt_length_over_gravity,6.3757973846835965,0.19894417304659853,"[4, 11, 5, 8, 6, 7, 10, 9, 13, 14]"
information_gain,0.5,79,True,10,sqrt_length_over_gravity,6.524957450969669,0.08165874367039085,"[4, 11, 5, 8, 6, 7, 10, 9, 13, 14]"
information_gain,0.5,80,True,10,sqrt_length_over_gravity,5.843654484841992,0.48474142229104217,"[11, 12, 4, 5, 8, 6, 10, 7, 13, 14]"
information_gain,0.5,81,True,10,sqrt_length_over_gravity,5.773777805773938,0.16359653314970404,"[4, 11, 5, 8, 6, 7, 10, 9, 13, 14]"
information_gain,0.5,82,True,10,sqrt_length_over_gravity,5.865680661678864,0.22842525333377348,"[12, 11, 4, 5, 8, 6, 7, 10, 9, 13]"
information_gain,0.5,83,True,10,sqrt_length_over_gravity,6.672966131677839,0.1384728708394012,"[4, 5, 8, 6, 11, 7, 10, 9, 13, 14]"
information_gain,0.5,84,True,10,sqrt_length_over_gravity,6.0423386755304955,0.2069459597553311,"[4, 5, 8, 11, 6, 7, 10, 9, 13, 14]"
information_gain,0.5,85,True,10,sqrt_length_over_gravity,6.355039522406068,0.35898308346973057,"[4, 5, 8, 11, 6, 7, 10, 9, 13, 14]"
information_gain,0.5,86,True,10,sqrt_length_over_gravity,6.429634877094268,0.23981725724629616,"[4, 11, 5, 8, 6, 7, 10, 9, 13, 14]"
information_gain,0.5,87,True,10,sqrt_length_over_gravity,6.187288056542237,0.08475275018961176,"[4, 8, 5, 11, 6, 7, 10, 9, 13, 14]"
information_gain,0.5,88,False,10,sqrt_length,2.184694264560317,0.19369032848833456,"[4, 5, 11, 8, 6, 7, 10, 9, 13, 14]"
information_gain,0.5,89,True,10,sqrt_length_over_gravity,6.809050299160322,0.20276691095560145,"[4, 11, 5, 8, 6, 7, 10, 9, 13, 14]"
information_gain,0.5,90,True,10,sqrt_length_over_gravity,5.842280642974401,0.11706965361196096,"[11, 4, 5, 8, 6, 7, 10, 9, 13, 14]"
information_gain,0.5,91,True,10,sqrt_length_over_gravity,5.920462143929173,0.24078247799883665,"[11, 4, 5, 8, 6, 7, 10, 9, 13, 14]"
information_gain,0.5,92,True,10,sqrt_length_over_gravity,5.503825730256311,0.41382337188105517,"[11, 4, 5, 8, 6, 7, 10, 9, 13, 14]"
information_gain,0.5,93,True,10,sqrt_length_over_gravity,6.228750624093355,0.07967201426186629,"[11, 4, 5, 8, 6, 7, 10, 9, 13, 14]"
information_gain,0.5,94,True,10,sqrt_length_over_gravity,6.20225859288764,0.3026880162680412,"[4, 8, 5, 11, 6, 7, 10, 9, 13, 14]"
information_gain,0.5,95,True,10,sqrt_length_over_gravity,6.3066714396809695,0.10418503309421162,"[4, 5, 8, 11, 6, 7, 10, 9, 13, 14]"
information_gain,0.5,96,True,10,sqrt_length_over_gravity,6.096630818801665,0.18077305731778057,"[12, 4, 11, 5, 8, 6, 7, 10, 9, 13]"
information_gain,0.5,97,True,10,sqrt_length_over_gravity,6.116336250666326,0.2681084128736861,"[12, 11, 4, 5, 8, 6, 10, 7, 13, 14]"
information_gain,0.5,98,True,10,sqrt_length_over_gravity,6.288038121722025,0.28288519578873794,"[4, 11, 5, 8, 6, 7, 10, 9, 13, 14]"
information_gain,0.5,99,True,10,sqrt_length_over_gravity,6.062685058888955,0.19951556272685014,"[4, 5, 8, 6, 11, 7, 10, 9, 13, 14]"
random,1.0,0,True,10,sqrt_length_over_gravity,5.611360472512572,0.5701679636556615,"[10, 11, 4, 9, 15, 8, 7, 13, 12, 14]"
random,1.0,1,True,10,sqrt_length_over_gravity,6.005582428622155,0.7434961070378916,"[6, 14, 5, 10, 7, 11, 12, 13, 15, 4]"
random,1.0,2,True,10,sqrt_length_over_gravity,5.814204946519695,0.9227279129178348,"[4, 6, 7, 12, 9, 14, 15, 10, 11, 13]"
random,1.0,3,True,10,sqrt_length_over_gravity,6.933519158330913,0.6414846470778648,"[7, 14, 13, 6, 11, 10, 9, 15, 4, 12]"
random,1.0,4,True,10,sqrt_length_over_gravity,6.395677675627533,0.45987596587584856,"[7, 9, 5, 13, 15, 6, 4, 8, 10, 12]"
random,1.0,5,True,10,sqrt_length_over_gravity,5.355709519666018,1.2235457967650387,"[13, 8, 10, 15, 4, 14, 9, 6, 5, 7]"
random,1.0,6,True,10,sqrt_length_over_gravity,6.0002705947315125,1.1618448407942101,"[13, 5, 12, 9, 4, 6, 8, 15, 14, 11]"
random,1.0,7,True,10,sqrt_length_over_gravity,6.356850245220038,0.5303953037279963,"[9, 6, 12, 4, 7, 15, 13, 5, 11, 14]"
random,1.0,8,False,10,sqrt_length,2.358076512444383,0.6865783607249077,"[7, 10, 12, 6, 9, 14, 4, 5, 11, 8]"
random,1.0,9,False,10,sqrt_length,2.3290003810093327,0.5964737697304618,"[11, 14, 9, 8, 6, 5, 15, 4, 12, 13]"
random,1.0,10,True,10,sqrt_length_over_gravity,5.747066394835688,0.9004822029823762,"[13, 4, 11, 14, 5, 7, 10, 12, 9, 15]"
random,1.0,11,True,10,sqrt_length_over_gravity,6.27868738389671,0.9480547254886595,"[11, 13, 12, 14, 7, 5, 10, 9, 6, 4]"
random,1.0,12,False,10,sqrt_length,1.8830302814754356,0.7782901426241484,"[11, 8, 14, 10, 6, 9, 4, 12, 15, 7]"
random,1.0,13,True,10,sqrt_length_over_gravity,6.019803854480496,0.6009640426357641,"[8, 9, 6, 10, 7, 15, 5, 11, 12, 4]"
random,1.0,14,False,10,constant,2.2713675058545437,0.8684319170407898,"[5, 14, 13, 8, 10, 12, 7, 9, 4, 15]"
random,1.0,15,False,10,sqrt_length,2.0057067615738178,1.5385803479722229,"[7, 4, 14, 5, 9, 8, 6, 10, 12, 15]"
random,1.0,16,True,10,sqrt_length_over_gravity,6.472379784824587,0.5842254864420011,"[9, 12, 13, 8, 14, 5, 10, 4, 15, 11]"
random,1.0,17,True,10,sqrt_length_over_gravity,5.8226165928634,0.6501553136922039,"[12, 10, 8, 11, 9, 5, 15, 14, 7, 4]"
random,1.0,18,True,10,sqrt_length_over_gravity,5.786921832133357,0.5101669854553795,"[6, 5, 13, 11, 9, 7, 12, 14, 8, 10]"
random,1.0,19,False,10,sqrt_length,1.9238841378640532,1.1496067079229733,"[14, 4, 13, 6, 9, 10, 8, 15, 11, 12]"
random,1.0,20,True,10,sqrt_length_over_gravity,6.466256370169445,1.856109763324208,"[15, 14, 6, 9, 5, 13, 8, 12, 7, 4]"
random,1.0,21,False,10,sqrt_length,2.1126810519504304,0.718673557929168,"[6, 11, 12, 9, 15, 14, 5, 10, 7, 13]"
random,1.0,22,True,10,sqrt_length_over_gravity,7.040808721604191,1.382329037440841,"[6, 8, 4, 14, 9, 13, 5, 11, 7, 10]"
random,1.0,23,False,10,sqrt_length,2.1310571005993695,0.6810396353359525,"[8, 5, 4, 11, 14, 10, 13, 9, 7, 15]"
random,1.0,24,False,10,sqrt_length,2.407452277136413,2.0505108759608253,"[15, 10, 14, 6, 8, 5, 7, 9, 4, 13]"
random,1.0,25,True,10,sqrt_length_over_gravity,7.27149797067917,1.1635621556241855,"[10, 4, 8, 11, 15, 5, 9, 6, 13, 14]"
random,1.0,26,False,10,sqrt_length,1.888477905981999,0.9239124982487537,"[15, 7, 8, 12, 4, 6, 11, 5, 10, 14]"
random,1.0,27,False,10,sqrt_length,2.3412526165178997,0.8071924407032797,"[14, 11, 8, 9, 7, 4, 5, 12, 13, 10]"
random,1.0,28,True,10,sqrt_length_over_gravity,6.650108954921471,0.5220922923018742,"[5, 7, 14, 8, 10, 6, 15, 12, 13, 4]"
random,1.0,29,True,10,sqrt_length_over_gravity,6.280891541802831,0.9612664740881987,"[12, 5, 10, 9, 6, 13, 8, 14, 15, 4]"
random,1.0,30,False,10,sqrt_length,2.3868769773088956,0.957809299723108,"[12, 8, 15, 4, 9, 7, 5, 13, 14, 11]"
random,1.0,31,False,10,constant,2.503215799262044,0.6249365631815611,"[4, 12, 6, 13, 8, 14, 5, 9, 7, 15]"
random,1.0,32,True,10,sqrt_length_over_gravity,6.843221332050678,1.081488850890564,"[5, 8, 7, 11, 10, 12, 4, 6, 9, 14]"
random,1.0,33,False,10,linear_length,0.9303726148432316,0.7276482132174297,"[13, 6, 8, 10, 15, 12, 11, 14, 5, 9]"
random,1.0,34,True,10,sqrt_length_over_gravity,6.334171317205337,0.6864474478834752,"[12, 9, 15, 4, 8, 5, 11, 10, 6, 13]"
random,1.0,35,True,10,sqrt_length_over_gravity,5.3098914898064855,1.5632677020324377,"[12, 9, 6, 11, 7, 8, 13, 10, 4, 15]"
random,1.0,36,False,10,sqrt_length,2.280279353550729,1.7771347419404093,"[9, 4, 5, 11, 7, 6, 14, 10, 12, 13]"
random,1.0,37,False,10,sqrt_length,1.5867685827232763,0.2347394784960827,"[14, 13, 5, 15, 4, 11, 8, 10, 6, 12]"
random,1.0,38,False,10,sqrt_length,1.7687796328761096,0.6363264940078174,"[14, 10, 11, 5, 6, 8, 15, 12, 9, 4]"
random,1.0,39,True,10,sqrt_length_over_gravity,7.326178252671599,0.8019412071958231,"[7, 9, 12, 4, 10, 6, 13, 15, 5, 14]"
random,1.0,40,True,10,sqrt_length_over_gravity,7.289613213827863,0.9327532853787806,"[11, 14, 13, 4, 8, 7, 15, 6, 9, 10]"
random,1.0,41,True,10,sqrt_length_over_gravity,5.988402061388111,0.9806426448347465,"[10, 9, 7, 6, 14, 12, 15, 8, 11, 5]"
random,1.0,42,False,10,sqrt_length,2.1368690287028484,0.2580588567057013,"[14, 5, 4, 10, 9, 7, 8, 6, 11, 15]"
random,1.0,43,True,10,sqrt_length_over_gravity,6.379548247570041,1.2051052462076517,"[4, 9, 7, 14, 12, 13, 15, 5, 11, 10]"
random,1.0,44,True,10,sqrt_length_over_gravity,6.906425679830748,0.41730835811988076,"[10, 13, 14, 5, 7, 9, 6, 11, 4, 8]"
random,1.0,45,True,10,sqrt_length_over_gravity,7.468991741618617,0.3896322526917827,"[8, 11, 13, 9, 5, 7, 10, 4, 6, 14]"
random,1.0,46,True,10,sqrt_length_over_gravity,5.6372431412632045,1.1523632375469572,"[5, 11, 4, 9, 8, 13, 14, 6, 7, 10]"
random,1.0,47,False,10,sqrt_length,2.0793359765714645,0.8840129912604989,"[9, 5, 12, 15, 14, 10, 7, 8, 13, 6]"
random,1.0,48,True,10,sqrt_length_over_gravity,6.481972442194048,0.6143667607618579,"[12, 9, 6, 15, 10, 14, 11, 5, 13, 4]"
random,1.0,49,False,10,sqrt_length,2.496172775906681,0.5352926717601192,"[5, 10, 12, 6, 13, 15, 11, 14, 4, 9]"
random,1.0,50,True,10,sqrt_length_over_gravity,6.205324087261597,1.0295358243019064,"[11, 8, 10, 7, 15, 14, 6, 4, 12, 5]"
random,1.0,51,True,10,sqrt_length_over_gravity,7.157135993910602,0.8659702752038723,"[7, 13, 14, 6, 9, 15, 5, 12, 10, 8]"
random,1.0,52,True,10,sqrt_length_over_gravity,6.653081564037037,0.34220341167626417,"[8, 4, 14, 13, 11, 9, 5, 7, 10, 12]"
random,1.0,53,False,10,linear_length,1.2595440387437522,1.6831354627461401,"[13, 7, 12, 15, 14, 10, 9, 6, 11, 8]"
random,1.0,54,True,10,sqrt_length_over_gravity,6.416922587269995,1.5204337201876301,"[6, 12, 14, 9, 15, 8, 10, 5, 13, 7]"
random,1.0,55,True,10,sqrt_length_over_gravity,6.282011211343518,1.6326758015719007,"[5, 8, 7, 11, 6, 14, 9, 12, 4, 13]"
random,1.0,56,True,10,sqrt_length_over_gravity,5.047118173547977,1.51539826047233,"[12, 4, 13, 15, 9, 14, 10, 8, 6, 5]"
random,1.0,57,True,10,sqrt_length_over_gravity,6.725693786915193,0.5813924712151471,"[4, 10, 15, 5, 9, 12, 8, 13, 11, 7]"
random,1.0,58,True,10,sqrt_length_over_gravity,5.612868024470433,1.163746545061366,"[13, 7, 8, 9, 4, 6, 12, 14, 11, 10]"
random,1.0,59,True,10,sqrt_length_over_gravity,6.4421079514409465,0.801397413530448,"[7, 5, 13, 4, 9, 15, 10, 6, 8, 12]"
random,1.0,60,True,10,sqrt_length_over_gravity,6.625717931625258,0.9146122937149261,"[8, 9, 15, 6, 11, 5, 12, 13, 10, 4]"
random,1.0,61,True,10,sqrt_length_over_gravity,6.505198429330584,0.7520240728479656,"[11, 6, 14, 8, 12, 7, 9, 4, 15, 10]"
random,1.0,62,False,10,sqrt_length,2.2922340929040734,0.9293838947854058,"[13, 6, 5, 9, 15, 8, 14, 10, 7, 12]"
random,1.0,63,False,10,sqrt_length,2.290677415121734,0.5847147358810202,"[11, 12, 8, 9, 15, 13, 4, 10, 5, 6]"
random,1.0,64,True,10,sqrt_length_over_gravity,6.030416164902843,1.7632429416754964,"[11, 5, 15, 12, 4, 7, 9, 8, 10, 6]"
random,1.0,65,True,10,sqrt_length_over_gravity,5.864448106074285,0.4973071335670051,"[10, 8, 9, 15, 7, 11, 12, 14, 13, 6]"
random,1.0,66,True,10,sqrt_length_over_gravity,6.586502093063657,0.8051526501224349,"[5, 9, 12, 8, 15, 7, 10, 14, 4, 13]"
random,1.0,67,True,10,sqrt_length_over_gravity,6.590156719245566,0.7920512649877912,"[5, 6, 12, 14, 13, 8, 11, 10, 15, 9]"
random,1.0,68,False,10,linear_length,1.1348450847616074,1.1231912335903949,"[15, 11, 13, 5, 8, 9, 10, 7, 12, 6]"
random,1.0,69,True,10,sqrt_length_over_gravity,5.804469581819908,1.3708107044998412,"[14, 4, 6, 8, 7, 12, 10, 11, 15, 9]"
random,1.0,70,False,10,sqrt_length,1.954871628805855,0.42346709738813504,"[5, 9, 13, 14, 7, 8, 4, 10, 11, 15]"
random,1.0,71,False,10,linear_length,1.4838901816148609,1.854145561646181,"[9, 13, 15, 4, 10, 6, 7, 11, 5, 8]"
random,1.0,72,True,10,sqrt_length_over_gravity,5.489248089206253,1.0665726713627417,"[5, 14, 7, 11, 12, 8, 15, 13, 6, 10]"
random,1.0,73,False,10,sqrt_length,1.8725509485662817,0.3640193820668003,"[8, 5, 14, 13, 7, 10, 9, 15, 4, 11]"
random,1.0,74,True,10,sqrt_length_over_gravity,6.591148336070751,0.7020776722234076,"[13, 12, 5, 10, 6, 15, 8, 7, 9, 11]"
random,1.0,75,True,10,sqrt_length_over_gravity,6.178053892534147,1.18720651173537,"[11, 14, 10, 13, 4, 12, 9, 8, 7, 5]"
random,1.0,76,False,10,sqrt_length,2.2139368428331445,0.8312517137771862,"[9, 12, 11, 7, 10, 4, 13, 6, 14, 8]"
random,1.0,77,True,10,sqrt_length_over_gravity,6.829421494238982,1.433773580162004,"[8, 10, 7, 9, 11, 15, 4, 12, 14, 13]"
random,1.0,78,False,10,sqrt_length,2.2234346053567693,0.6636353362128039,"[7, 5, 10, 11, 14, 4, 15, 8, 13, 12]"
random,1.0,79,True,10,sqrt_length_over_gravity,6.977928918196856,0.29680609539903746,"[6, 12, 10, 7, 9, 5, 15, 13, 8, 4]"
random,1.0,80,True,10,sqrt_length_over_gravity,6.238339749968241,2.0750243030393465,"[8, 11, 14, 12, 10, 6, 13, 9, 7, 4]"
random,1.0,81,False,10,sqrt_length,1.7156514668456566,0.6021467196011124,"[12, 11, 9, 15, 13, 7, 4, 6, 8, 10]"
random,1.0,82,False,10,constant,2.069971529037867,0.5598259629783279,"[6, 12, 14, 9, 7, 15, 5, 10, 8, 4]"
random,1.0,83,True,10,sqrt_length_over_gravity,7.030071907361912,0.5654705920687674,"[11, 12, 5, 7, 14, 4, 6, 9, 10, 8]"
random,1.0,84,True,10,sqrt_length_over_gravity,5.507023635658173,0.7591049130789211,"[15, 8, 4, 13, 5, 11, 14, 9, 7, 10]"
random,1.0,85,True,10,sqrt_length_over_gravity,6.318312846192984,1.4395998431084975,"[7, 14, 5, 11, 9, 6, 12, 10, 8, 15]"
random,1.0,86,False,10,sqrt_length,2.25862996020668,0.8296162441711992,"[4, 13, 10, 5, 7, 14, 12, 9, 15, 6]"
random,1.0,87,False,10,sqrt_length,2.033871868966036,0.2829079316400566,"[6, 8, 14, 5, 11, 15, 9, 13, 10, 12]"
random,1.0,88,False,10,sqrt_length,2.2364598062627987,1.2382458930426876,"[10, 7, 11, 6, 4, 13, 15, 5, 12, 14]"
random,1.0,89,True,10,sqrt_length_over_gravity,7.154791930468433,0.9044577687350487,"[5, 14, 9, 7, 12, 15, 4, 8, 13, 10]"
random,1.0,90,False,10,constant,2.0045364651496356,0.33047760833322115,"[7, 5, 13, 10, 12, 15, 9, 14, 8, 6]"
random,1.0,91,False,10,sqrt_length,1.793973159172288,0.8968280501769785,"[5, 14, 7, 8, 13, 10, 15, 11, 12, 6]"
random,1.0,92,True,10,sqrt_length_over_gravity,4.559123800612479,1.5684804494169844,"[10, 13, 15, 14, 8, 12, 11, 4, 9, 5]"
random,1.0,93,True,10,sqrt_length_over_gravity,6.1078098517192085,0.31512834789107314,"[11, 14, 9, 5, 6, 8, 7, 10, 15, 4]"
random,1.0,94,False,10,sqrt_length,2.0260563593243957,1.1821759033379116,"[12, 6, 5, 10, 11, 9, 4, 14, 13, 8]"
random,1.0,95,True,10,sqrt_length_over_gravity,6.217257518857014,0.41645643278840766,"[12, 13, 14, 6, 15, 4, 7, 5, 8, 11]"
random,1.0,96,True,10,sqrt_length_over_gravity,6.237650204475311,0.7483780433248277,"[9, 10, 12, 7, 5, 15, 8, 4, 6, 11]"
random,1.0,97,False,10,sqrt_length,1.9817447153043248,1.0571351238396318,"[7, 11, 10, 4, 5, 13, 6, 8, 14, 12]"
random,1.0,98,False,10,sqrt_length,2.083013984077935,1.087219564411668,"[9, 14, 4, 11, 13, 5, 10, 8, 6, 12]"
random,1.0,99,False,10,sqrt_length,1.9123287517884253,0.6278661729055666,"[10, 11, 7, 6, 9, 5, 8, 4, 14, 15]"
greedy,1.0,0,True,10,sqrt_length_over_gravity,5.809219113138302,0.6088664243789389,"[4, 5, 8, 11, 6, 7, 10, 9, 13, 14]"
greedy,1.0,1,True,10,sqrt_length_over_gravity,6.007198369862434,0.7431670551003268,"[11, 12, 4, 5, 8, 6, 7, 10, 9, 13]"
greedy,1.0,2,False,10,sqrt_length,1.8667239344159996,0.8503060984297951,"[4, 8, 5, 11, 7, 6, 10, 9, 13, 14]"
greedy,1.0,3,False,10,sqrt_length,2.3318416103817015,0.4758662819190904,"[11, 4, 5, 8, 7, 6, 10, 9, 13, 14]"
greedy,1.0,4,True,10,sqrt_length_over_gravity,6.3165893879047825,0.461602228787645,"[4, 5, 11, 8, 6, 7, 10, 9, 13, 14]"
greedy,1.0,5,False,10,sqrt_length,1.7318423580983653,1.1367196593397937,"[11, 4, 5, 8, 7, 6, 10, 9, 13, 14]"
greedy,1.0,6,True,10,sqrt_length_over_gravity,6.297511854533514,1.1753504032195898,"[4, 5, 11, 8, 6, 7, 10, 9, 13, 14]"
greedy,1.0,7,True,10,sqrt_length_over_gravity,6.5145595687796245,0.5212378315386933,"[4, 8, 5, 11, 6, 7, 10, 9, 13, 14]"
greedy,1.0,8,True,10,sqrt_length_over_gravity,7.121120947868706,0.8737652333027891,"[4, 5, 8, 11, 6, 7, 10, 9, 13, 14]"
greedy,1.0,9,True,10,sqrt_length_over_gravity,7.078499090539666,0.6116043065493101,"[11, 4, 5, 8, 6, 7, 10, 9, 13, 14]"
greedy,1.0,10,True,10,sqrt_length_over_gravity,5.766167576380436,0.9030446756962357,"[4, 5, 8, 6, 7, 11, 10, 9, 13, 14]"
greedy,1.0,11,False,10,sqrt_length,2.0326977435603326,0.8042920993304008,"[11, 4, 5, 8, 7, 6, 10, 9, 13, 14]"
greedy,1.0,12,True,10,sqrt_length_over_gravity,5.72597394843146,0.7995118173435691,"[4, 5, 8, 11, 6, 7, 10, 9, 13, 14]"
greedy,1.0,13,False,10,constant,2.3915693180110553,0.3992681917502161,"[11, 12, 4, 8, 7, 13, 14, 10, 15, 6]"
greedy,1.0,14,True,10,sqrt_length_over_gravity,5.882306777757994,1.230992287508572,"[12, 4, 5, 8, 6, 11, 7, 10, 9, 13]"
greedy,1.0,15,False,10,sqrt_length,1.9911802945935382,1.5202368299271023,"[4, 8, 5, 11, 6, 7, 10, 9, 13, 14]"
greedy,1.0,16,False,10,constant,2.5883503735125406,0.46975090432232414,"[4, 11, 12, 8, 7, 13, 10, 14, 15, 6]"
greedy,1.0,17,False,10,sqrt_length,1.8984079954988875,0.628771375557749,"[11, 4, 5, 6, 8, 7, 10, 9, 13, 14]"
greedy,1.0,18,False,10,sqrt_length,2.0309819476064312,0.5365537607361309,"[11, 4, 5, 8, 6, 7, 10, 9, 13, 14]"
greedy,1.0,19,False,10,sqrt_length,1.9116732977496236,1.3260229701541566,"[11, 4, 5, 8, 6, 7, 10, 9, 13, 14]"
greedy,1.0,20,False,10,sqrt_length,1.957546873325197,1.736881229140829,"[4, 11, 5, 8, 7, 6, 10, 9, 13, 14]"
greedy,1.0,21,True,10,sqrt_length_over_gravity,6.68102378828995,0.7247039726285417,"[12, 4, 5, 11, 8, 6, 7, 10, 9, 13]"
greedy,1.0,22,True,10,sqrt_length_over_gravity,7.211329124653844,1.3281994768796568,"[11, 4, 5, 8, 6, 7, 10, 9, 13, 14]"
greedy,1.0,23,False,10,sqrt_length,2.160367979229058,0.7365085030970617,"[4, 8, 5, 11, 6, 7, 10, 9, 13, 14]"
greedy,1.0,24,False,1,linear_length,1.4491218060446682,0.513806236673791,[11]
greedy,1.0,25,False,10,sqrt_length,2.345136757584516,1.061540200864366,"[4, 8, 5, 11, 6, 10, 7, 9, 13, 14]"
greedy,1.0,26,True,10,sqrt_length_over_gravity,6.034103019141876,1.0620839833378666,"[4, 5, 8, 6, 11, 7, 10, 9, 13, 14]"
greedy,1.0,27,True,10,sqrt_length_over_gravity,6.840446067672893,0.9475837278733514,"[11, 4, 5, 8, 6, 7, 10, 9, 13, 14]"
greedy,1.0,28,False,10,sqrt_length,2.2238284503599357,0.3586847021684294,"[4, 8, 11, 5, 7, 6, 10, 9, 13, 14]"
greedy,1.0,29,True,10,sqrt_length_over_gravity,6.335619738434745,0.9607495634063838,"[11, 4, 5, 8, 6, 7, 10, 9, 13, 14]"
greedy,1.0,30,True,10,sqrt_length_over_gravity,7.427169535257974,1.0223024334540307,"[11, 4, 5, 8, 6, 7, 10, 9, 13, 14]"
greedy,1.0,31,True,10,sqrt_length_over_gravity,6.862422193996679,0.6857632334513168,"[11, 4, 5, 8, 6, 7, 10, 9, 13, 14]"
greedy,1.0,32,False,10,sqrt_length,2.3201620120794018,0.892543300916116,"[11, 4, 5, 6, 8, 10, 7, 9, 13, 14]"
greedy,1.0,33,False,10,linear_length,0.879327395167261,0.6916265599829228,"[11, 4, 5, 6, 7, 8, 10, 9, 12, 13]"
greedy,1.0,34,True,10,sqrt_length_over_gravity,5.893978800831583,0.6584034301310692,"[11, 4, 5, 8, 6, 7, 10, 9, 13, 14]"
greedy,1.0,35,True,10,sqrt_length_over_gravity,5.298608724857646,1.5562127922192706,"[11, 4, 5, 12, 8, 6, 7, 10, 9, 13]"
greedy,1.0,36,False,10,sqrt_length,2.251515296050967,1.740226678523996,"[4, 11, 5, 6, 8, 10, 7, 9, 13, 14]"
greedy,1.0,37,False,10,sqrt_length,1.5832548469648444,0.19266255753143754,"[4, 8, 11, 5, 7, 6, 10, 9, 13, 14]"
greedy,1.0,38,True,10,sqrt_length_over_gravity,5.465677907052986,0.811136084020888,"[11, 4, 5, 8, 6, 7, 10, 9, 13, 14]"
greedy,1.0,39,True,10,sqrt_length_over_gravity,7.1878533964055284,0.8158439021221433,"[4, 5, 8, 11, 6, 7, 10, 9, 13, 14]"
greedy,1.0,40,True,10,sqrt_length_over_gravity,7.20193791943213,0.9613490200272612,"[11, 4, 5, 8, 6, 7, 10, 9, 13, 14]"
greedy,1.0,41,True,10,sqrt_length_over_gravity,5.992463273173106,0.9803170334320221,"[4, 5, 8, 6, 11, 7, 10, 9, 13, 14]"
greedy,1.0,42,True,10,sqrt_length_over_gravity,6.38270387818489,0.3747184114148118,"[4, 5, 8, 6, 11, 7, 10, 9, 13, 14]"
greedy,1.0,43,True,10,sqrt_length_over_gravity,6.145284103946549,1.2032332778297912,"[4, 5, 8, 11, 6, 7, 10, 9, 13, 14]"
greedy,1.0,44,False,10,sqrt_length,2.230568958166244,0.4102566101708502,"[4, 8, 5, 11, 6, 7, 10, 9, 13, 14]"
greedy,1.0,45,True,10,sqrt_length_over_gravity,7.475229045839682,0.386839439052907,"[4, 5, 8, 11, 6, 7, 10, 9, 13, 14]"
greedy,1.0,46,True,10,sqrt_length_over_gravity,5.561599662499095,1.1349255931339945,"[11, 4, 12, 8, 5, 6, 10, 7, 9, 13]"
greedy,1.0,47,True,10,sqrt_length_over_gravity,6.372428994173446,0.9648851634179922,"[4, 11, 12, 5, 8, 7, 10, 6, 9, 13]"
greedy,1.0,48,False,10,sqrt_length,2.1292044694873278,0.49297940136334034,"[4, 8, 5, 11, 6, 7, 10, 9, 13, 14]"
greedy,1.0,49,True,10,sqrt_length_over_gravity,7.711278792561858,0.49082038433342634,"[4, 5, 8, 11, 6, 7, 10, 9, 13, 14]"
greedy,1.0,50,False,10,sqrt_length,2.0591492814529704,0.895692909688131,"[4, 5, 11, 6, 7, 8, 10, 9, 13, 14]"
greedy,1.0,51,True,10,sqrt_length_over_gravity,7.048637988819271,0.8687103366324203,"[4, 5, 8, 11, 6, 7, 10, 9, 13, 14]"
greedy,1.0,52,False,10,sqrt_length,2.149662371733018,0.2623480186357126,"[4, 8, 5, 11, 7, 6, 10, 9, 13, 14]"
greedy,1.0,53,True,10,sqrt_length_over_gravity,6.152408805995243,1.7394279558803898,"[11, 4, 5, 8, 6, 7, 10, 9, 13, 14]"
greedy,1.0,54,False,10,sqrt_length,2.0563954637546327,1.4889912589927004,"[11, 4, 12, 5, 8, 6, 7, 10, 9, 13]"
greedy,1.0,55,True,10,sqrt_length_over_gravity,6.395169218201773,1.6303146219119613,"[11, 4, 5, 8, 6, 7, 10, 9, 13, 14]"
greedy,1.0,56,False,10,sqrt_length,1.6762777598032783,1.4916699229284873,"[11, 4, 5, 8, 6, 7, 10, 9, 13, 14]"
greedy,1.0,57,False,10,sqrt_length,2.28661758824918,0.49143083566200924,"[4, 8, 5, 11, 6, 7, 10, 9, 13, 14]"
greedy,1.0,58,False,10,sqrt_length,1.8858469721155366,0.9597152005432705,"[4, 8, 11, 5, 10, 7, 6, 9, 13, 14]"
greedy,1.0,59,True,10,sqrt_length_over_gravity,6.421672595572982,0.801725867309365,"[11, 12, 8, 4, 5, 6, 7, 10, 9, 13]"
greedy,1.0,60,True,10,sqrt_length_over_gravity,6.519030229973415,0.9265851299932188,"[4, 11, 12, 8, 7, 5, 10, 13, 14, 15]"
greedy,1.0,61,True,10,sqrt_length_over_gravity,6.4574810271319,0.7552366671845606,"[4, 11, 5, 8, 6, 7, 10, 9, 13, 14]"
greedy,1.0,62,True,10,sqrt_length_over_gravity,7.269753659168683,0.9270461175639793,"[4, 8, 11, 5, 6, 7, 10, 9, 13, 14]"
greedy,1.0,63,True,10,sqrt_length_over_gravity,7.109019886404854,0.5811498774415275,"[11, 4, 5, 8, 6, 7, 10, 9, 13, 14]"
greedy,1.0,64,True,10,sqrt_length_over_gravity,6.385903535351586,1.773078195006541,"[4, 11, 5, 8, 6, 13, 7, 12, 10, 9]"
greedy,1.0,65,True,10,sqrt_length_over_gravity,5.656004976156202,0.4541416361930825,"[4, 11, 5, 8, 6, 7, 10, 9, 13, 14]"
greedy,1.0,66,True,10,sqrt_length_over_gravity,6.546925088958822,0.8062418172416111,"[4, 11, 12, 8, 5, 6, 7, 10, 9, 13]"
greedy,1.0,67,False,10,sqrt_length,2.0670465469263997,0.7782940408096081,"[4, 8, 5, 11, 12, 6, 7, 10, 9, 13]"
greedy,1.0,68,True,10,sqrt_length_over_gravity,5.525682228905312,1.211634506844411,"[11, 4, 5, 12, 6, 8, 7, 10, 9, 13]"
greedy,1.0,69,True,10,sqrt_length_over_gravity,5.951240268440067,1.3915955505020081,"[11, 4, 5, 8, 6, 7, 13, 10, 9, 14]"
greedy,1.0,70,True,10,sqrt_length_over_gravity,5.842384242623952,0.4132626245821317,"[4, 5, 11, 8, 6, 7, 10, 9, 13, 14]"
greedy,1.0,71,False,10,linear_length,1.5281701218098502,1.7054085231856335,"[4, 11, 5, 6, 7, 8, 13, 12, 14, 15]"
greedy,1.0,72,True,10,sqrt_length_over_gravity,5.410700547607815,1.0313723131510502,"[4, 8, 5, 11, 6, 7, 10, 9, 13, 14]"
greedy,1.0,73,False,10,sqrt_length,1.880956699022266,0.3251769418279087,"[11, 4, 5, 8, 6, 7, 10, 9, 13, 14]"
greedy,1.0,74,False,10,sqrt_length,2.2047242917198124,0.5905113683679724,"[4, 5, 8, 11, 7, 6, 10, 9, 13, 14]"
greedy,1.0,75,False,10,sqrt_length,2.113083202738769,0.9940024811661234,"[11, 4, 5, 6, 7, 8, 13, 12, 14, 15]"
greedy,1.0,76,True,10,sqrt_length_over_gravity,6.489603549351343,0.885615150866917,"[4, 5, 8, 11, 6, 7, 10, 9, 13, 14]"
greedy,1.0,77,True,10,sqrt_length_over_gravity,6.761106444676687,1.4443100081840958,"[4, 5, 8, 6, 11, 7, 10, 9, 13, 14]"
greedy,1.0,78,True,10,sqrt_length_over_gravity,6.3820135284876836,0.8003978656681003,"[11, 4, 5, 8, 6, 7, 10, 9, 13, 14]"
greedy,1.0,79,True,10,sqrt_length_over_gravity,6.745882464271143,0.3303495467936771,"[4, 5, 8, 11, 6, 7, 10, 9, 13, 14]"
greedy,1.0,80,False,8,constant,2.452404280044568,1.4578719438427692,"[11, 12, 4, 8, 7, 13, 10, 14]"
greedy,1.0,81,True,10,sqrt_length_over_gravity,5.395142127335327,0.7106180591468477,"[4, 5, 8, 6, 11, 7, 12, 13, 14, 10]"
greedy,1.0,82,False,10,sqrt_length,1.7815887486291002,0.8294995500193002,"[12, 11, 4, 5, 8, 7, 6, 10, 9, 13]"
greedy,1.0,83,True,10,sqrt_length_over_gravity,7.034356223640136,0.5620749339204455,"[11, 4, 5, 8, 6, 7, 10, 9, 13, 14]"
greedy,1.0,84,True,10,sqrt_length_over_gravity,5.746543653474716,0.8172471016917975,"[11, 4, 5, 8, 6, 7, 10, 9, 13, 14]"
greedy,1.0,85,True,10,sqrt_length_over_gravity,6.4268937376325495,1.4359323338789218,"[4, 5, 8, 11, 6, 7, 10, 9, 13, 14]"
greedy,1.0,86,False,10,constant,2.702332871400405,0.7705457516656584,"[4, 8, 5, 11, 6, 7, 10, 9, 13, 12]"
greedy,1.0,87,True,10,sqrt_length_over_gravity,6.091390805904884,0.3390110007584469,"[4, 8, 5, 11, 6, 7, 10, 9, 13, 14]"
greedy,1.0,88,False,10,sqrt_length,2.2568857130717315,1.2230172299295616,"[4, 11, 5, 8, 7, 6, 10, 9, 13, 14]"
greedy,1.0,89,True,10,sqrt_length_over_gravity,6.866495520158383,0.9592892222659564,"[4, 8, 5, 11, 12, 7, 10, 6, 13, 14]"
greedy,1.0,90,False,10,sqrt_length,1.724405661412731,0.4293545281114338,"[4, 8, 5, 11, 6, 12, 7, 10, 9, 13]"
greedy,1.0,91,False,10,sqrt_length,1.783284060021653,0.8278123758472901,"[4, 8, 11, 12, 5, 7, 6, 10, 9, 13]"
greedy,1.0,92,True,10,sqrt_length_over_gravity,4.408594881130053,1.4648578691709,"[4, 5, 11, 12, 8, 6, 7, 10, 9, 13]"
greedy,1.0,93,True,10,sqrt_length_over_gravity,6.296602719834198,0.3208860427828242,"[4, 5, 11, 8, 6, 7, 10, 9, 13, 14]"
greedy,1.0,94,True,10,sqrt_length_over_gravity,5.927392761545097,1.1933367677392708,"[4, 5, 8, 6, 11, 7, 10, 12, 13, 14]"
greedy,1.0,95,True,10,sqrt_length_over_gravity,6.420912110360451,0.4135837210099075,"[11, 4, 5, 8, 6, 7, 10, 9, 13, 14]"
greedy,1.0,96,True,10,sqrt_length_over_gravity,5.959538071008657,0.7294466062272156,"[4, 5, 11, 12, 8, 7, 6, 10, 9, 13]"
greedy,1.0,97,True,10,sqrt_length_over_gravity,6.129002817773231,1.0877092247892008,"[12, 11, 8, 4, 5, 6, 7, 10, 9, 13]"
greedy,1.0,98,False,10,sqrt_length,2.1191170535313955,1.0717940315622843,"[4, 5, 8, 11, 6, 7, 10, 9, 13, 14]"
greedy,1.0,99,True,10,sqrt_length_over_gravity,5.921764013738576,0.8136715855078239,"[4, 5, 8, 6, 11, 7, 12, 13, 14, 15]"
disagreement,1.0,0,True,10,sqrt_length_over_gravity,5.750397853345709,0.601054087862283,"[11, 12, 4, 5, 8, 6, 7, 13, 14, 10]"
disagreement,1.0,1,True,10,sqrt_length_over_gravity,5.887080486457862,0.7319725812914963,"[12, 11, 4, 5, 8, 6, 7, 13, 14, 15]"
disagreement,1.0,2,False,10,sqrt_length,1.906734361424779,0.8490740818745102,"[11, 12, 4, 5, 8, 7, 6, 13, 10, 14]"
disagreement,1.0,3,False,10,constant,2.7825979084150068,0.5617456779530476,"[12, 11, 4, 5, 8, 6, 7, 13, 14, 15]"
disagreement,1.0,4,True,10,sqrt_length_over_gravity,6.473880005395578,0.4559627599863307,"[11, 12, 4, 5, 8, 6, 7, 13, 14, 15]"
disagreement,1.0,5,False,10,sqrt_length,1.6952454631865954,1.0091061588169472,"[11, 12, 4, 8, 5, 7, 6, 13, 14, 15]"
disagreement,1.0,6,False,10,sqrt_length,1.971755414977955,1.0594608163330705,"[11, 12, 4, 5, 8, 6, 7, 13, 14, 15]"
disagreement,1.0,7,True,10,sqrt_length_over_gravity,6.309308912186425,0.5312087525685306,"[11, 12, 4, 5, 8, 6, 7, 13, 14, 15]"
disagreement,1.0,8,True,10,sqrt_length_over_gravity,7.412865400442975,0.78068108975,"[11, 12, 4, 5, 8, 6, 7, 13, 14, 10]"
disagreement,1.0,9,False,10,sqrt_length,2.3293766247439187,0.5906733113829448,"[11, 12, 4, 5, 8, 6, 7, 10, 13, 14]"
disagreement,1.0,10,False,10,sqrt_length,1.8676768772894803,0.8187583508851203,"[11, 12, 4, 5, 8, 7, 6, 13, 14, 15]"
disagreement,1.0,11,False,10,sqrt_length,2.107116731248112,0.9344723267685275,"[11, 12, 4, 5, 8, 6, 7, 10, 13, 14]"
disagreement,1.0,12,False,10,sqrt_length,1.8686588094782843,0.804337140832086,"[11, 12, 4, 5, 8, 6, 7, 13, 14, 15]"
disagreement,1.0,13,True,10,sqrt_length_over_gravity,6.1979790967923805,0.612586848356882,"[12, 11, 4, 5, 8, 6, 7, 13, 14, 15]"
disagreement,1.0,14,True,10,sqrt_length_over_gravity,6.0324246141748805,1.250508404971934,"[12, 11, 4, 5, 8, 6, 7, 13, 14, 15]"
disagreement,1.0,15,True,10,sqrt_length_over_gravity,6.232784781206478,1.5966777695616954,"[11, 12, 4, 5, 8, 6, 7, 13, 14, 15]"
disagreement,1.0,16,True,10,sqrt_length_over_gravity,6.5785843603571585,0.5767436303899903,"[11, 12, 4, 5, 8, 6, 7, 13, 14, 15]"
disagreement,1.0,17,False,10,sqrt_length,1.8574712122928732,0.5532091290329347,"[11, 12, 4, 5, 8, 7, 6, 13, 10, 14]"
disagreement,1.0,18,False,10,sqrt_length,1.894835154321649,0.5070216640217551,"[12, 11, 4, 5, 8, 6, 7, 13, 14, 15]"
disagreement,1.0,19,True,10,sqrt_length_over_gravity,5.9638832093772365,1.3707585704926413,"[11, 12, 4, 5, 6, 8, 7, 13, 14, 15]"
disagreement,1.0,20,True,10,sqrt_length_over_gravity,5.9094441088982075,1.8382432707555092,"[11, 12, 4, 5, 8, 6, 7, 13, 14, 15]"
disagreement,1.0,21,True,10,sqrt_length_over_gravity,6.64195805160956,0.7331818538011756,"[12, 11, 4, 5, 8, 6, 7, 13, 14, 15]"
disagreement,1.0,22,True,10,sqrt_length_over_gravity,7.361436411933916,1.2851617125703554,"[11, 12, 4, 5, 8, 6, 7, 10, 13, 14]"
disagreement,1.0,23,False,10,sqrt_length,2.1753306534206645,0.6984526674003206,"[11, 12, 4, 5, 8, 6, 7, 13, 14, 15]"
disagreement,1.0,24,False,1,linear_length,1.4491218060446682,0.513806236673791,[11]
disagreement,1.0,25,True,10,sqrt_length_over_gravity,6.822811667287445,1.3011522054146207,"[11, 12, 4, 5, 8, 6, 7, 13, 14, 15]"
disagreement,1.0,26,True,10,sqrt_length_over_gravity,6.1788947535556025,1.0718465964534056,"[11, 12, 4, 5, 8, 6, 7, 13, 10, 14]"
disagreement,1.0,27,True,10,sqrt_length_over_gravity,6.762320108879476,0.9691310676823854,"[11, 12, 4, 5, 8, 6, 7, 13, 14, 15]"
disagreement,1.0,28,False,10,sqrt_length,2.1217751127889204,0.5276086661441676,"[11, 12, 4, 5, 8, 6, 7, 13, 14, 15]"
disagreement,1.0,29,False,10,sqrt_length,2.0541237306000797,0.8343319726849674,"[11, 12, 4, 5, 8, 7, 6, 13, 14, 15]"
disagreement,1.0,30,False,10,sqrt_length,2.41654223575328,1.0686896622456883,"[11, 12, 4, 5, 8, 6, 7, 13, 14, 15]"
disagreement,1.0,31,True,10,sqrt_length_over_gravity,6.633727897015196,0.7291757820514883,"[12, 11, 4, 5, 8, 6, 7, 13, 14, 15]"
disagreement,1.0,32,True,10,sqrt_length_over_gravity,7.0786565243228265,1.0276074650900342,"[11, 12, 4, 5, 8, 6, 7, 13, 14, 10]"
disagreement,1.0,33,False,10,linear_length,0.9156651440246354,0.7512609529846094,"[11, 12, 4, 5, 8, 6, 10, 7, 13, 14]"
disagreement,1.0,34,True,10,sqrt_length_over_gravity,5.794155457004087,0.6484584278844435,"[11, 12, 4, 5, 8, 6, 7, 13, 14, 15]"
disagreement,1.0,35,True,10,sqrt_length_over_gravity,5.064881315038741,1.4961941115899224,"[11, 12, 4, 5, 6, 8, 7, 13, 14, 15]"
disagreement,1.0,36,False,10,sqrt_length,2.2438596858555027,1.7352408282497758,"[11, 12, 4, 8, 5, 7, 6, 13, 14, 15]"
disagreement,1.0,37,True,10,sqrt_length_over_gravity,4.572472837963639,0.17172381737138,"[11, 12, 4, 5, 8, 6, 7, 13, 14, 15]"
disagreement,1.0,38,False,10,sqrt_length,1.8116522771718788,0.7998125139073023,"[11, 12, 4, 5, 8, 6, 7, 13, 10, 14]"
disagreement,1.0,39,False,10,sqrt_length,2.431182692429858,0.672714240099666,"[11, 12, 4, 5, 8, 6, 7, 13, 14, 15]"
disagreement,1.0,40,True,10,sqrt_length_over_gravity,7.205807016108958,0.9833690771565288,"[11, 12, 4, 5, 8, 6, 7, 13, 14, 15]"
disagreement,1.0,41,False,9,linear_length,1.2870353036769122,0.337125974842377,"[11, 12, 4, 5, 8, 10, 6, 7, 13]"
disagreement,1.0,42,False,10,sqrt_length,2.1546495035558846,0.2709255672708168,"[11, 12, 4, 5, 8, 6, 7, 13, 10, 14]"
disagreement,1.0,43,False,10,sqrt_length,2.1829017827856507,0.9813451287941072,"[11, 12, 4, 5, 8, 7, 6, 13, 10, 14]"
disagreement,1.0,44,True,10,sqrt_length_over_gravity,6.635181510475532,0.470520421804503,"[11, 12, 4, 5, 8, 6, 7, 13, 14, 15]"
disagreement,1.0,45,False,10,sqrt_length,2.4556330078408624,0.3414408596234602,"[11, 12, 4, 5, 8, 6, 7, 13, 14, 15]"
disagreement,1.0,46,True,10,sqrt_length_over_gravity,5.671105025318438,1.1706666983850307,"[12, 11, 4, 5, 8, 6, 7, 13, 14, 15]"
disagreement,1.0,47,True,10,sqrt_length_over_gravity,6.491462675307465,0.9593756598707557,"[11, 12, 4, 5, 8, 6, 7, 13, 14, 15]"
disagreement,1.0,48,True,10,sqrt_length_over_gravity,6.400492689313,0.6195162451032533,"[11, 12, 4, 5, 8, 6, 7, 13, 14, 15]"
disagreement,1.0,49,True,10,sqrt_length_over_gravity,7.733468439562785,0.50353248379112,"[11, 12, 4, 5, 8, 6, 7, 13, 14, 10]"
disagreement,1.0,50,True,10,sqrt_length_over_gravity,6.267842649444389,1.0305682241823528,"[11, 12, 4, 5, 8, 6, 7, 13, 14, 15]"
disagreement,1.0,51,True,10,sqrt_length_over_gravity,7.307246250038622,0.793900999470655,"[11, 12, 4, 5, 8, 6, 7, 13, 14, 10]"
disagreement,1.0,52,True,10,sqrt_length_over_gravity,6.298333299093419,0.36715175064648736,"[11, 12, 4, 5, 8, 6, 7, 13, 14, 15]"
disagreement,1.0,53,True,10,sqrt_length_over_gravity,5.9924948661250985,1.7290556187937203,"[11, 12, 4, 5, 8, 6, 7, 13, 14, 15]"
disagreement,1.0,54,False,10,sqrt_length,2.0262096602836217,1.3899470116229198,"[11, 12, 4, 5, 8, 6, 7, 13, 14, 15]"
disagreement,1.0,55,False,10,sqrt_length,2.1320118865289417,1.4048857821567915,"[11, 12, 4, 5, 8, 7, 6, 13, 10, 14]"
disagreement,1.0,56,False,10,sqrt_length,1.6030092193844656,1.3168659161596976,"[12, 11, 4, 8, 5, 7, 6, 13, 10, 14]"
disagreement,1.0,57,True,10,sqrt_length_over_gravity,6.921836445290797,0.5515391809402858,"[11, 12, 4, 5, 8, 6, 7, 13, 14, 15]"
disagreement,1.0,58,False,10,constant,2.1355248133171663,0.8529209100242964,"[11, 12, 4, 5, 8, 6, 7, 13, 14, 15]"
disagreement,1.0,59,False,10,sqrt_length,2.169143207177849,0.6580106863427277,"[12, 11, 4, 5, 8, 7, 6, 13, 14, 10]"
disagreement,1.0,60,True,10,sqrt_length_over_gravity,7.228283552088467,0.7786165991715672,"[11, 12, 4, 5, 8, 6, 7, 13, 10, 14]"
disagreement,1.0,61,True,10,sqrt_length_over_gravity,6.38111361716231,0.759414528045948,"[11, 12, 4, 5, 8, 6, 7, 13, 14, 15]"
disagreement,1.0,62,False,10,sqrt_length,2.33378480725498,0.9836605139745115,"[11, 12, 4, 5, 8, 6, 7, 13, 14, 15]"
disagreement,1.0,63,True,10,sqrt_length_over_gravity,7.060032685443301,0.6124963743531009,"[11, 12, 4, 5, 8, 6, 7, 13, 14, 15]"
disagreement,1.0,64,True,10,sqrt_length_over_gravity,6.038733319883321,1.765411165394572,"[11, 12, 4, 5, 8, 6, 7, 13, 14, 15]"
disagreement,1.0,65,False,10,sqrt_length,1.8746472964265082,0.4579430629472757,"[11, 12, 4, 5, 8, 6, 7, 13, 14, 15]"
disagreement,1.0,66,True,10,sqrt_length_over_gravity,6.946868339047946,0.7482125130954513,"[11, 12, 4, 5, 8, 6, 7, 13, 14, 15]"
disagreement,1.0,67,False,10,sqrt_length,2.1198714319250174,0.7537966070320168,"[11, 12, 4, 5, 8, 6, 7, 13, 14, 15]"
disagreement,1.0,68,True,10,sqrt_length_over_gravity,5.200144169153462,1.1287507834659476,"[11, 12, 4, 5, 8, 6, 7, 13, 14, 15]"
disagreement,1.0,69,False,10,linear_length,1.2621645852907772,1.3919122805269593,"[11, 12, 4, 5, 8, 6, 10, 7, 13, 14]"
disagreement,1.0,70,True,10,sqrt_length_over_gravity,5.917218948209487,0.428307037254695,"[11, 12, 4, 5, 8, 6, 7, 13, 14, 15]"
disagreement,1.0,71,False,10,sqrt_length,2.3050796137087186,1.849414003157973,"[11, 12, 4, 8, 5, 7, 6, 13, 14, 10]"
disagreement,1.0,72,False,10,linear_length,1.0943575869735733,1.0322062758821697,"[11, 12, 4, 5, 8, 6, 7, 10, 13, 14]"
disagreement,1.0,73,True,10,sqrt_length_over_gravity,5.530694617351318,0.32835052357578065,"[12, 11, 4, 5, 8, 6, 7, 13, 14, 15]"
disagreement,1.0,74,True,10,sqrt_length_over_gravity,6.767112241142509,0.6814215988284642,"[11, 12, 4, 5, 8, 6, 7, 13, 14, 15]"
disagreement,1.0,75,False,10,linear_length,1.2917298184442867,0.9009328755559134,"[11, 12, 4, 5, 8, 10, 7, 6, 13, 14]"
disagreement,1.0,76,False,10,sqrt_length,2.1914894344988993,0.8068498849853017,"[11, 12, 4, 5, 8, 6, 7, 13, 14, 10]"
disagreement,1.0,77,True,10,sqrt_length_over_gravity,7.109335260340133,1.3668259182607585,"[11, 12, 4, 5, 8, 6, 7, 13, 10, 14]"
disagreement,1.0,78,True,10,sqrt_length_over_gravity,6.543764643346728,0.79131439461663,"[11, 12, 4, 5, 8, 6, 7, 13, 14, 15]"
disagreement,1.0,79,False,10,sqrt_length,2.306204696880015,0.23161629662516592,"[11, 12, 4, 5, 8, 6, 7, 13, 14, 15]"
disagreement,1.0,80,False,10,constant,2.2907565575610094,1.8728741127370252,"[11, 12, 4, 5, 8, 6, 7, 13, 14, 15]"
disagreement,1.0,81,False,10,sqrt_length,1.720135215194156,0.5782477241112641,"[11, 12, 4, 5, 8, 7, 6, 13, 10, 14]"
disagreement,1.0,82,True,10,sqrt_length_over_gravity,5.270547330613903,0.8773093702035055,"[12, 4, 5, 11, 8, 6, 7, 13, 14, 15]"
disagreement,1.0,83,True,10,sqrt_length_over_gravity,7.04548803700437,0.5748505980286337,"[11, 12, 4, 5, 8, 6, 7, 13, 14, 15]"
disagreement,1.0,84,True,10,sqrt_length_over_gravity,5.624952284100573,0.7949851229258237,"[11, 12, 4, 5, 8, 6, 7, 13, 10, 14]"
disagreement,1.0,85,True,10,sqrt_length_over_gravity,6.633660438617903,1.4181360062788584,"[11, 12, 4, 5, 8, 6, 7, 10, 13, 14]"
disagreement,1.0,86,False,10,sqrt_length,2.123007700682394,0.9626677922686346,"[11, 12, 4, 5, 8, 6, 7, 13, 14, 15]"
disagreement,1.0,87,True,10,sqrt_length_over_gravity,6.156041733479448,0.3433374249318054,"[11, 12, 4, 5, 8, 6, 7, 13, 14, 15]"
disagreement,1.0,88,True,10,sqrt_length_over_gravity,7.001029382305503,1.2409945289506998,"[11, 12, 4, 5, 8, 6, 7, 13, 14, 15]"
disagreement,1.0,89,False,10,sqrt_length,2.3349553336180744,0.7757067949019607,"[11, 12, 4, 5, 8, 7, 6, 13, 14, 15]"
disagreement,1.0,90,False,10,sqrt_length,1.7447565323718282,0.33438510833599905,"[11, 12, 4, 5, 8, 7, 6, 13, 14, 15]"
disagreement,1.0,91,True,10,sqrt_length_over_gravity,5.431056859952487,0.9454252698833195,"[11, 12, 4, 5, 8, 6, 7, 13, 14, 15]"
disagreement,1.0,92,False,10,sqrt_length,1.432958739204307,1.3261041256444839,"[11, 12, 4, 8, 5, 7, 6, 13, 14, 10]"
disagreement,1.0,93,True,10,sqrt_length_over_gravity,6.106327393105021,0.3158884502978222,"[11, 12, 4, 5, 8, 6, 7, 13, 14, 15]"
disagreement,1.0,94,True,10,sqrt_length_over_gravity,6.333719313349352,1.2152742025666479,"[11, 12, 4, 5, 8, 6, 7, 13, 14, 15]"
disagreement,1.0,95,True,10,sqrt_length_over_gravity,6.264306136068037,0.4170926822632961,"[11, 12, 4, 5, 8, 6, 7, 13, 14, 10]"
disagreement,1.0,96,False,10,sqrt_length,2.0032777772611374,0.6833402713884761,"[11, 12, 4, 5, 8, 7, 6, 13, 14, 15]"
disagreement,1.0,97,False,3,constant,2.9978934493700535,0.14054977414329747,"[12, 4, 11]"
disagreement,1.0,98,True,10,sqrt_length_over_gravity,6.526112306177353,1.1220656106889557,"[11, 12, 4, 5, 8, 6, 7, 13, 14, 15]"
disagreement,1.0,99,False,10,sqrt_length,1.879476775082889,0.6791536445020625,"[11, 12, 4, 5, 8, 7, 10, 6, 13, 14]"
information_gain,1.0,0,False,10,sqrt_length,1.8523556011115476,0.5544856995682269,"[11, 4, 5, 12, 6, 13, 14, 15, 7, 8]"
information_gain,1.0,1,True,10,sqrt_length_over_gravity,5.948078853161828,0.7375854938390985,"[12, 11, 8, 7, 13, 4, 10, 14, 15, 5]"
information_gain,1.0,2,False,10,sqrt_length,1.9073129758266343,0.9264456138220045,"[11, 12, 8, 4, 5, 6, 13, 14, 15, 7]"
information_gain,1.0,3,True,10,sqrt_length_over_gravity,6.894690155324959,0.6539018707558887,"[12, 11, 8, 7, 13, 4, 10, 14, 15, 6]"
information_gain,1.0,4,False,10,sqrt_length,2.0250680021746614,0.4566187870366536,"[11, 12, 8, 7, 10, 13, 14, 15, 6, 5]"
information_gain,1.0,5,False,10,sqrt_length,1.706992215629977,1.1181930992948261,"[11, 12, 4, 5, 6, 13, 10, 8, 7, 14]"
information_gain,1.0,6,True,10,sqrt_length_over_gravity,6.097288742122665,1.169288179645007,"[11, 4, 12, 5, 6, 13, 14, 10, 8, 7]"
information_gain,1.0,7,True,10,sqrt_length_over_gravity,6.39825295528908,0.5290044980988594,"[11, 12, 4, 5, 8, 10, 7, 13, 14, 15]"
information_gain,1.0,8,False,10,sqrt_length,2.393243911826761,0.768086586483316,"[11, 12, 8, 4, 10, 7, 5, 6, 13, 14]"
information_gain,1.0,9,True,10,sqrt_length_over_gravity,7.174959415588704,0.602785759714312,"[11, 4, 5, 6, 13, 14, 15, 12, 7, 8]"
information_gain,1.0,10,True,10,sqrt_length_over_gravity,5.918511627872137,0.9297116848540822,"[11, 4, 12, 5, 6, 13, 14, 15, 7, 10]"
information_gain,1.0,11,False,10,sqrt_length,2.054523148836472,0.8333579458942568,"[11, 4, 5, 6, 12, 13, 14, 15, 7, 8]"
information_gain,1.0,12,True,10,sqrt_length_over_gravity,5.778248615716626,0.812965962743055,"[11, 4, 12, 5, 8, 10, 7, 13, 6, 14]"
information_gain,1.0,13,True,10,sqrt_length_over_gravity,6.190785479393645,0.6122474352852667,"[12, 11, 4, 5, 8, 10, 7, 6, 13, 14]"
information_gain,1.0,14,True,10,sqrt_length_over_gravity,5.929920936386082,1.238591678004626,"[12, 11, 4, 8, 7, 5, 6, 10, 13, 14]"
information_gain,1.0,15,False,10,sqrt_length,2.088221126641888,1.4221785103276672,"[11, 12, 4, 8, 7, 10, 5, 6, 13, 14]"
information_gain,1.0,16,False,10,constant,2.600148785387023,0.5177869605374984,"[12, 11, 4, 8, 5, 7, 13, 10, 14, 15]"
information_gain,1.0,17,True,10,sqrt_length_over_gravity,5.746705857245875,0.6425940057302009,"[11, 4, 5, 6, 12, 13, 14, 15, 7, 8]"
information_gain,1.0,18,False,10,sqrt_length,1.8768053935147904,0.4801701008049407,"[12, 11, 8, 7, 13, 10, 14, 15, 6, 5]"
information_gain,1.0,19,False,10,sqrt_length,1.8751381912912282,1.2809847770048906,"[11, 4, 5, 12, 6, 13, 14, 10, 8, 7]"
information_gain,1.0,20,True,10,sqrt_length_over_gravity,5.812035326893636,1.822628571658013,"[11, 12, 8, 7, 13, 14, 10, 15, 6, 5]"
information_gain,1.0,21,True,10,sqrt_length_over_gravity,6.521725349312474,0.743942842402758,"[12, 11, 4, 8, 7, 10, 5, 13, 14, 15]"
information_gain,1.0,22,True,10,sqrt_length_over_gravity,7.356916759526046,1.3049592421086957,"[11, 4, 5, 6, 13, 14, 15, 12, 7, 8]"
information_gain,1.0,23,False,10,sqrt_length,2.1663743002368747,0.6539720940778597,"[11, 12, 4, 5, 6, 13, 14, 10, 8, 7]"
information_gain,1.0,24,False,1,linear_length,1.4491218060446682,0.513806236673791,[11]
information_gain,1.0,25,True,10,sqrt_length_over_gravity,6.8885344870841125,1.2839505989879572,"[11, 12, 8, 4, 7, 10, 13, 14, 5, 15]"
information_gain,1.0,26,True,10,sqrt_length_over_gravity,6.503099337532704,1.0659872283191036,"[11, 4, 5, 12, 6, 8, 13, 14, 15, 7]"
information_gain,1.0,27,True,10,sqrt_length_over_gravity,6.827532000372496,0.9537478096029317,"[11, 4, 5, 12, 6, 8, 10, 7, 13, 14]"
information_gain,1.0,28,True,10,sqrt_length_over_gravity,6.7982351228882605,0.4948054039063518,"[12, 11, 4, 5, 6, 8, 13, 7, 10, 14]"
information_gain,1.0,29,False,10,sqrt_length,2.1082633397035466,0.9360953133474225,"[11, 4, 5, 12, 6, 13, 14, 15, 7, 10]"
information_gain,1.0,30,True,10,sqrt_length_over_gravity,7.22972950677967,1.1101022330554766,"[11, 4, 5, 6, 13, 12, 14, 15, 10, 8]"
information_gain,1.0,31,False,10,sqrt_length,2.159659495150838,0.6385396282078168,"[12, 11, 8, 7, 13, 10, 14, 15, 6, 5]"
information_gain,1.0,32,False,6,constant,2.7483319535568302,0.20541531603307706,"[12, 11, 8, 7, 13, 14]"
information_gain,1.0,33,False,10,linear_length,0.9136472900373089,0.6827559697979109,"[11, 4, 5, 6, 12, 13, 14, 15, 7, 10]"
information_gain,1.0,34,True,10,sqrt_length_over_gravity,5.942086418235318,0.6663876606378669,"[11, 4, 12, 5, 8, 10, 6, 7, 13, 14]"
information_gain,1.0,35,True,10,sqrt_length_over_gravity,5.189233491459021,1.52367898329333,"[11, 12, 4, 8, 5, 10, 6, 13, 14, 7]"
information_gain,1.0,36,False,10,sqrt_length,2.31153905828783,1.771212152189122,"[4, 11, 5, 6, 13, 14, 15, 8, 12, 7]"
information_gain,1.0,37,False,10,sqrt_length,1.646116142243754,0.358338274139871,"[12, 11, 4, 5, 6, 13, 14, 15, 7, 8]"
information_gain,1.0,38,True,10,sqrt_length_over_gravity,5.343827573840304,0.7950417410960656,"[11, 4, 5, 12, 6, 13, 14, 15, 7, 8]"
information_gain,1.0,39,False,10,sqrt_length,2.398762387233182,0.7545076141712622,"[11, 12, 4, 5, 6, 13, 14, 8, 15, 10]"
information_gain,1.0,40,True,10,sqrt_length_over_gravity,7.106830946169579,1.0005329494499036,"[11, 4, 5, 6, 12, 8, 10, 7, 13, 14]"
information_gain,1.0,41,False,9,linear_length,1.3240165550959766,0.340258823118403,"[11, 4, 5, 6, 12, 13, 14, 15, 7]"
information_gain,1.0,42,False,10,sqrt_length,2.1283065887342554,0.2790950760452228,"[11, 4, 5, 6, 12, 13, 14, 15, 7, 8]"
information_gain,1.0,43,False,10,sqrt_length,2.1482727693156307,1.0435187523333704,"[11, 12, 4, 5, 6, 13, 8, 14, 15, 7]"
information_gain,1.0,44,True,10,sqrt_length_over_gravity,6.685375284521543,0.46218120454604655,"[11, 4, 12, 5, 8, 7, 10, 13, 14, 15]"
information_gain,1.0,45,False,10,sqrt_length,2.4634169519971696,0.3560040146279706,"[11, 12, 4, 5, 6, 13, 14, 10, 8, 15]"
information_gain,1.0,46,False,10,sqrt_length,1.8751059303874138,1.1668454411619629,"[12, 11, 4, 5, 6, 13, 14, 15, 7, 10]"
information_gain,1.0,47,True,10,sqrt_length_over_gravity,6.171084258413772,0.9641746856120762,"[12, 11, 8, 7, 13, 14, 10, 15, 6, 4]"
information_gain,1.0,48,True,10,sqrt_length_over_gravity,6.338279554245482,0.6212035234938136,"[11, 12, 4, 8, 7, 6, 10, 13, 14, 15]"
information_gain,1.0,49,False,10,sqrt_length,2.525106912970196,0.4749679223761344,"[11, 4, 5, 6, 12, 8, 10, 7, 13, 14]"
information_gain,1.0,50,True,10,sqrt_length_over_gravity,6.424425152450653,1.0270740187091294,"[11, 12, 4, 5, 6, 13, 14, 8, 10, 15]"
information_gain,1.0,51,True,10,sqrt_length_over_gravity,7.296798956296218,0.7976592687500487,"[11, 4, 5, 12, 8, 6, 10, 7, 13, 14]"
information_gain,1.0,52,True,10,sqrt_length_over_gravity,6.3973786058553,0.36495145796040307,"[11, 12, 8, 7, 13, 10, 14, 15, 6, 5]"
information_gain,1.0,53,True,10,sqrt_length_over_gravity,6.377882061483952,1.7410524579392779,"[11, 4, 5, 12, 6, 13, 14, 15, 10, 7]"
information_gain,1.0,54,False,10,sqrt_length,2.131471272760459,1.3907398366482828,"[12, 11, 4, 5, 6, 13, 14, 15, 7, 8]"
information_gain,1.0,55,False,10,sqrt_length,2.1223167103804306,1.5858561983804833,"[12, 11, 8, 4, 7, 10, 13, 5, 6, 14]"
information_gain,1.0,56,True,10,sqrt_length_over_gravity,5.118944662595297,1.5319382947425875,"[12, 11, 8, 4, 5, 6, 13, 14, 15, 7]"
information_gain,1.0,57,True,10,sqrt_length_over_gravity,6.8450578547717535,0.5614153614998687,"[11, 12, 8, 4, 10, 7, 5, 13, 14, 6]"
information_gain,1.0,58,True,10,sqrt_length_over_gravity,5.870503601461459,1.2177850498282543,"[12, 11, 4, 5, 6, 13, 14, 15, 7, 8]"
information_gain,1.0,59,True,10,sqrt_length_over_gravity,6.690373516075308,0.7785911810415841,"[12, 11, 8, 4, 5, 6, 13, 14, 15, 7]"
information_gain,1.0,60,False,10,sqrt_length,2.340009076097219,0.7789363023864263,"[11, 4, 5, 6, 12, 13, 14, 15, 7, 8]"
information_gain,1.0,61,False,10,sqrt_length,2.070934336029576,0.6517744989820866,"[11, 4, 12, 5, 6, 13, 14, 10, 15, 8]"
information_gain,1.0,62,True,10,sqrt_length_over_gravity,7.1218711212193355,0.986147131693669,"[11, 12, 4, 5, 6, 13, 14, 10, 8, 7]"
information_gain,1.0,63,True,10,sqrt_length_over_gravity,7.147933587438153,0.5775573796726904,"[11, 4, 12, 8, 7, 10, 5, 13, 14, 6]"
information_gain,1.0,64,True,10,sqrt_length_over_gravity,6.087886686229533,1.768290030072716,"[12, 4, 11, 8, 7, 10, 5, 13, 14, 6]"
information_gain,1.0,65,True,10,sqrt_length_over_gravity,5.727799058626508,0.4733155310490483,"[11, 12, 4, 5, 6, 13, 14, 10, 15, 7]"
information_gain,1.0,66,True,10,sqrt_length_over_gravity,6.986222722946232,0.7395604310237901,"[11, 12, 4, 8, 5, 6, 7, 13, 14, 15]"
information_gain,1.0,67,False,10,sqrt_length,2.117427133351645,0.7372077274308453,"[11, 12, 8, 7, 4, 5, 6, 13, 10, 14]"
information_gain,1.0,68,True,10,sqrt_length_over_gravity,5.218817829856941,1.1174348056680499,"[11, 12, 4, 5, 8, 6, 10, 7, 13, 14]"
information_gain,1.0,69,True,10,sqrt_length_over_gravity,6.272663458361681,1.412326538123949,"[11, 4, 5, 6, 12, 13, 14, 15, 7, 8]"
information_gain,1.0,70,False,10,sqrt_length,1.928217603722117,0.4151878444409326,"[11, 12, 4, 8, 5, 6, 13, 14, 15, 7]"
information_gain,1.0,71,False,10,linear_length,1.5364796219998824,1.7408841807554545,"[4, 11, 5, 6, 12, 13, 14, 15, 7, 8]"
information_gain,1.0,72,False,10,linear_length,1.111360273665737,1.0642800404929582,"[11, 12, 4, 5, 6, 13, 14, 15, 7, 8]"
information_gain,1.0,73,True,10,sqrt_length_over_gravity,5.662157256734868,0.35256202332145636,"[12, 11, 8, 13, 4, 7, 10, 14, 15, 6]"
information_gain,1.0,74,True,10,sqrt_length_over_gravity,6.709990640691587,0.6869331476327709,"[11, 4, 5, 12, 8, 7, 6, 10, 13, 14]"
information_gain,1.0,75,False,10,sqrt_length,2.0911263070243082,1.0234440535372185,"[11, 4, 5, 6, 12, 13, 14, 15, 7, 8]"
information_gain,1.0,76,False,10,sqrt_length,2.1381396847661556,0.8632880942465075,"[11, 4, 5, 6, 12, 8, 13, 14, 10, 15]"
information_gain,1.0,77,False,10,sqrt_length,2.3483686150021015,1.3532826337913282,"[11, 4, 5, 6, 13, 14, 12, 15, 7, 8]"
information_gain,1.0,78,True,10,sqrt_length_over_gravity,6.604184083133659,0.7856619987765089,"[4, 11, 5, 12, 6, 13, 14, 15, 7, 8]"
information_gain,1.0,79,False,10,sqrt_length,2.2967617535464533,0.22601217886596794,"[11, 12, 4, 5, 6, 13, 8, 14, 15, 10]"
information_gain,1.0,80,True,10,sqrt_length_over_gravity,6.235975223601965,2.0749953147478384,"[12, 11, 4, 5, 6, 10, 8, 13, 7, 14]"
information_gain,1.0,81,False,10,sqrt_length,1.656510944842888,0.5856542697325817,"[11, 12, 4, 5, 6, 13, 14, 15, 7, 8]"
information_gain,1.0,82,False,10,constant,2.1537916658815224,0.4312366239414028,"[12, 8, 11, 7, 13, 14, 15, 10, 6, 5]"
information_gain,1.0,83,True,10,sqrt_length_over_gravity,7.096108267375156,0.5516601665556471,"[11, 4, 5, 6, 12, 8, 7, 13, 14, 10]"
information_gain,1.0,84,True,10,sqrt_length_over_gravity,5.733628052585076,0.8228940029700306,"[11, 4, 5, 6, 12, 8, 13, 14, 15, 7]"
information_gain,1.0,85,True,10,sqrt_length_over_gravity,6.817316082933014,1.3939285800673369,"[11, 4, 12, 5, 8, 6, 13, 14, 15, 7]"
information_gain,1.0,86,True,10,sqrt_length_over_gravity,6.3322679442351495,0.9749983391245708,"[11, 12, 4, 8, 5, 6, 10, 7, 13, 14]"
information_gain,1.0,87,True,10,sqrt_length_over_gravity,6.12525162843863,0.3415785474853916,"[11, 12, 8, 7, 13, 10, 4, 14, 5, 15]"
information_gain,1.0,88,False,10,sqrt_length,2.2628628965668316,1.2291912678953152,"[11, 12, 4, 5, 6, 13, 14, 10, 8, 7]"
information_gain,1.0,89,False,10,sqrt_length,2.36426403624416,0.8170721778240667,"[11, 12, 8, 4, 5, 7, 6, 10, 13, 14]"
information_gain,1.0,90,False,10,sqrt_length,1.8266233238973504,0.44764880585863354,"[12, 11, 4, 5, 6, 13, 14, 15, 10, 7]"
information_gain,1.0,91,False,10,sqrt_length,1.7828243721837274,0.8937742644537909,"[11, 12, 8, 7, 13, 10, 14, 15, 4, 6]"
information_gain,1.0,92,False,10,sqrt_length,1.4811214027685486,1.3938388796799601,"[12, 11, 4, 5, 6, 13, 14, 15, 10, 7]"
information_gain,1.0,93,True,10,sqrt_length_over_gravity,6.361933857209427,0.31982514366280096,"[12, 11, 4, 5, 8, 10, 7, 13, 6, 14]"
information_gain,1.0,94,True,10,sqrt_length_over_gravity,6.119271983115717,1.2109417190315777,"[11, 4, 5, 12, 8, 6, 10, 7, 13, 14]"
information_gain,1.0,95,True,10,sqrt_length_over_gravity,6.444448417314651,0.41297231694420844,"[11, 4, 5, 6, 12, 13, 14, 15, 7, 8]"
information_gain,1.0,96,False,10,sqrt_length,2.0059319858785782,0.6353135485864944,"[11, 12, 4, 5, 6, 13, 14, 15, 7, 10]"
information_gain,1.0,97,True,10,sqrt_length_over_gravity,6.231500492039129,1.0916292474683311,"[12, 11, 8, 7, 13, 10, 14, 4, 15, 6]"
information_gain,1.0,98,True,10,sqrt_length_over_gravity,6.565269604187692,1.11739689153446,"[11, 12, 4, 5, 6, 13, 14, 15, 10, 7]"
information_gain,1.0,99,True,10,sqrt_length_over_gravity,5.72232394018172,0.7840829941484919,"[11, 4, 5, 6, 12, 13, 14, 15, 7, 8]"
